Date,Shop_name,Category,Component,Brand,Model,Price (₹)
2023-08-21,Clarity,Desktop,DELL OPTIPLEX 7010 (BIG PC),I3 3RD,8GB 256GB SSD,7900
2023-08-21,Clarity,Desktop,DELL OPTIPLEX 7010 (BIG PC),I5 3RD,8GB 256GB SSD,8900
2023-08-21,Clarity,Desktop,LENOVO M73 TINY MINI PC,I3 4TH,8GB 256GB SSD,8900
2023-08-21,Clarity,Desktop,LENOVO M73 TINY MINI PC,I5 4TH,8GB 256GB SSD,9900
2023-08-21,Clarity,Desktop,HP 600 G2 TINY MINI PC,I3 6TH,8GB 256GB SSD,10500
2023-08-21,Clarity,Desktop,HP 600 G2 TINY MINI PC,I5 6TH,8GB 256GB SSD,12500
2023-09-09,Clarity,Laptop,LENOVO T470,I5 7TH,8GB 256GB SSD,18000
2023-09-09,Clarity,Laptop,LENOVO T480,I5 8TH,8GB 256GB SSD,23000
2023-09-18,Clarity,RAM,2GB,Daichi,DDR2 PC,300
2023-09-18,Clarity,RAM,4GB,Daichi,DDR3 PC,450
2023-09-18,Clarity,RAM,8GB,Daichi,DDR3 PC,750
2023-09-18,Clarity,RAM,4GB,Crucial,DDR4 PC,950
2023-09-18,Clarity,RAM,8GB,Crucial,DDR4 PC,1500
2023-09-18,Clarity,RAM,16GB,Crucial,DDR4 PC,2500
2023-09-18,Clarity,RAM,4GB,Daichi,DDR3 LAP,450
2023-09-18,Clarity,RAM,8GB,Daichi,DDR3 LAP,850
2023-09-18,Clarity,RAM,4GB,Crucial,DDR4 LAP,950
2023-09-18,Clarity,RAM,8GB,Crucial,DDR4 LAP,1500
2023-09-18,Clarity,RAM,16GB,Crucial,DDR4 LAP,2500
2023-09-18,Clarity,RAM,2GB,Samsung,DDR2 Desktop,250
2023-09-18,Clarity,RAM,4GB,Samsung,DDR3 Desktop,370
2023-09-18,Clarity,RAM,8GB,Samsung,DDR3 Desktop,700
2023-09-18,Clarity,RAM,4GB,Samsung,DDR4 Desktop,700
2023-09-18,Clarity,RAM,8GB,Samsung,DDR4 Desktop,1100
2023-09-18,Clarity,RAM,4GB,Samsung,DDR3 Laptop,370
2023-09-18,Clarity,RAM,8GB,Samsung,DDR3 Laptop,700
2023-09-18,Clarity,RAM,4GB,Samsung,DDR4 Laptop,700
2023-09-18,Clarity,RAM,8GB,Samsung,DDR4 Laptop,1100
2023-09-18,Clarity,SSD,128GB,Techie,,800
2023-09-18,Clarity,SSD,128GB,EVM,,850
2023-09-18,Clarity,SSD,128GB,HP,,900
2023-09-18,Clarity,SSD,256GB,EVM,,1180
2023-09-18,Clarity,SSD,512GB,Nextron,,1800
2023-09-18,Clarity,SSD,512GB,Techie,,1800
2023-09-18,Clarity,SSD,480GB,WD Green,,2100
2023-09-18,Clarity,SSD,500GB,Crucial,,2150
2023-09-18,Clarity,SSD,1TB,Techie,,3650
2023-09-18,Clarity,SSD,1TB,WD Green,,5200
2023-09-18,Clarity,SSD,1TB,WD Blue,,5600
2023-09-18,Clarity,Laptop,Refurbished,DELL,E5470,17000
2023-09-18,Clarity,Laptop,Refurbished,HP,640 G3,18000
2023-09-18,Clarity,Laptop,Refurbished,LENOVO,T470,18000
2023-09-18,Clarity,Laptop,Refurbished,LENOVO,T480,23000
2023-09-21,Clarity,Laptop Display,LED Display,FRONTECH,HP 2000 15.6 NORMAL,2700
2023-09-21,Clarity,Laptop Display,LED Display,,HP 2000 15.6 NORMAL,2200
2023-09-29,Clarity,Desktop Accessories,Cabinet,ENTER,,950
2023-09-29,Clarity,Desktop Accessories,Cabinet,ZEBRONIC,SMASH,1100
2023-09-29,Clarity,Desktop Accessories,Cabinet,COCONUT,JACK,1150
2023-09-29,Clarity,Desktop Accessories,Cabinet,LIVETECH,FRANCE,1150
2023-09-29,Clarity,Desktop Accessories,Cabinet,COCONUT,TEAK,1750
2023-09-29,Clarity,Desktop Accessories,Cabinet,CIRCEL,,1900
2023-09-29,Clarity,Desktop Accessories,Cabinet,FINGERS,ATLANTIC,2050
2023-09-29,Clarity,Desktop Accessories,Cabinet,FINGERS,RGB BURNO,2700
2023-09-29,Clarity,Desktop Accessories,SMPS,FRONTECH,,450
2023-09-29,Clarity,Desktop Accessories,SMPS,ZEBRONIC,,450
2023-09-29,Clarity,Desktop Accessories,SMPS,COCONUT,HIGH QUALITY,575
2023-09-29,Clarity,Desktop Accessories,SMPS,FINGERS,GAMA,780
2023-09-29,Clarity,Desktop Accessories,SMPS,FINGERS,BLACK BOX,1700
2023-09-29,Clarity,Desktop Accessories,UPS,FOXIN,,1650
2023-09-29,Clarity,Desktop Accessories,UPS,ZEBRONIC,,1700
2023-09-29,Clarity,Desktop Accessories,UPS,LAPCARE,,1750
2023-09-29,Clarity,Desktop Accessories,UPS,FINGERS,,1900
2023-09-29,Clarity,Desktop Accessories,UPS,MICROTEK,,2250
2023-09-29,Clarity,Desktop Accessories,UPS,MICROTEK,,4800
2023-09-29,Clarity,Desktop Accessories,Monitor,ZEBSTAR,15.1,2100
2023-09-29,Clarity,Desktop Accessories,Monitor,ZEBSTAR,17.0,2500
2023-09-29,Clarity,Desktop Accessories,Monitor,IVOOMI,19.0,2450
2023-09-29,Clarity,Desktop Accessories,Monitor,ZEBSTAR,19.0,2600
2023-09-29,Clarity,Desktop Accessories,Monitor,LAPCARE,18.0,2800
2023-09-29,Clarity,Desktop Accessories,Monitor,VIEWSONIC,19.0,5150
2023-09-29,Clarity,Desktop Accessories,Monitor,ZEBSTAR,22.0,3500
2023-09-29,Clarity,Desktop Accessories,Monitor,LAPCARE,22.0,5400
2023-09-29,Clarity,Desktop Accessories,Monitor,FINGERS,22.0,5600
2023-09-29,Clarity,Desktop Accessories,Monitor,LAPCARE,24.0,7300
2023-09-29,Clarity,Desktop Accessories,Monitor,FINGERS,24.0,7400
2023-09-29,Clarity,Desktop Accessories,Monitor,FRONTECH,24.0,7000
2023-09-29,Clarity,Desktop Accessories,RAM,DAICHI,DDR2 2GB,300
2023-09-29,Clarity,Desktop Accessories,RAM,DAICHI,DDR3 4GB 12800MHZ,450
2023-09-29,Clarity,Desktop Accessories,RAM,DAICHI,DDR3 4GB 1333MHZ,500
2023-09-29,Clarity,Desktop Accessories,RAM,DAICHI,DDR3 8GB,750
2023-09-29,Clarity,Desktop Accessories,RAM,CRUCIAL,DDR4 4GB,950
2023-09-29,Clarity,Desktop Accessories,RAM,CRUCIAL,DDR4 8GB,1500
2023-09-29,Clarity,Desktop Accessories,RAM,CRUCIAL,DDR4 16GB,2650
2023-09-29,Clarity,Desktop Accessories,RAM,SAMSUNG,DDR2 2GB,270
2023-09-29,Clarity,Desktop Accessories,RAM,SAMSUNG,DDR3 4GB,370
2023-09-29,Clarity,Desktop Accessories,RAM,SAMSUNG,DDR3 8GB,700
2023-09-29,Clarity,Desktop Accessories,RAM,SAMSUNG,DDR4 4GB,700
2023-09-29,Clarity,Desktop Accessories,RAM,SAMSUNG,DDR4 8GB,1100
2023-09-29,Clarity,Desktop Accessories,RAM,SAMSUNG,DDR4 16GB,2200
2023-09-29,Clarity,Desktop Accessories,Processor,CORE 2 DUO,,270
2023-09-29,Clarity,Desktop Accessories,Processor,I3 3RD GEN,,650
2023-09-29,Clarity,Desktop Accessories,Processor,I3 4TH GEN,,750
2023-09-29,Clarity,Desktop Accessories,Processor,I3 6TH GEN,,1650
2023-09-29,Clarity,Desktop Accessories,Processor,I5 3RD GEN,,1400
2023-09-29,Clarity,Desktop Accessories,Processor,I5 4TH GEN,,1850
2023-09-29,Clarity,Desktop Accessories,Processor,I5 6TH GEN,,3650
2023-09-29,Clarity,Desktop Accessories,Processor,I7 7TH GEN,,9000
2023-09-29,Clarity,Desktop Accessories,Motherboard,G41,DDR2,1600
2023-09-29,Clarity,Desktop Accessories,Motherboard,G41,DDR3,1650
2023-09-29,Clarity,Desktop Accessories,Motherboard,H61,DDR3,1650
2023-09-29,Clarity,Desktop Accessories,Motherboard,ASUS,61,3000
2023-09-29,Clarity,Desktop Accessories,Motherboard,H81,DDR3,2300
2023-09-29,Clarity,Desktop Accessories,Motherboard,H81,DDR3,2300
2023-09-29,Clarity,Desktop Accessories,Motherboard,H110,DDR4,3400
2023-09-29,Clarity,Desktop Accessories,Motherboard,H310,DDR4,3750
2023-10-09,Clarity,Laptop,Laptop,LENOVO,L480,20000
2023-10-09,Clarity,Laptop,Laptop,LENOVO,T470,18500
2023-10-09,Clarity,Laptop,Laptop,HP,640 G3,17500
2023-10-09,Clarity,Laptop,Laptop,LENOVO,T460,16000
2023-10-09,Clarity,Laptop,Laptop,HP,640 G2,16500
2023-10-12,Clarity,Converter,Type-C to HDMI,BASIC,,400
2023-10-12,Clarity,Converter,Type-C to VGA,BASIC,,400
2023-10-12,Clarity,Converter,Type-C to HDMI+VGA+USB,NEXTECH,,1500
2023-10-12,Clarity,Converter,Display Port to HDMI,COCONUT,,400
2023-10-12,Clarity,Converter,Display Port to HDMI,NEXTECH,,550
2023-10-12,Clarity,Converter,Display Port to HDMI,BASIC,,300
2023-10-12,Clarity,Converter,Display Port to VGA,BASIC,,300
2023-10-12,Clarity,Converter,HDMI to VGA with Audio,COCONUT,,350
2023-10-12,Clarity,Converter,VGA to HDMI with Audio,COCONUT,,350
2023-10-12,Clarity,Converter,HDMI to VGA with Audio,BASIC,,250
2023-10-12,Clarity,Converter,VGA to HDMI with Audio,BASIC,,250
2023-10-12,Clarity,Converter,USB to Sound Card,BASIC,,120
2023-10-12,Clarity,Converter,VGA to AV,BASIC,,400
2023-10-12,Clarity,Converter,HDMI to AV,BASIC,,400
2023-10-12,Clarity,Converter,AV to HDMI,BASIC,,450
2023-10-12,Clarity,Converter,AV to VGA,BASIC,,450
2023-10-12,Clarity,Converter,USB to VGA,BASIC,,800
2023-10-12,Clarity,Converter,USB to HDMI,BASIC,,800
2023-10-12,Clarity,Converter,Audio Converter to Digital Analog,, ,400
2023-10-12,Clarity,Range Extender,HDMI LAN Extender 30M,, ,200
2023-10-12,Clarity,Range Extender,HDMI LAN Extender 60M,, ,750
2023-10-12,Clarity,Switch,HDMI Switch 1*4,, ,550
2023-10-12,Clarity,Switch,VGA Switch 1*2,, ,250
2023-10-12,Clarity,Switch,USB Switch 1*2,, ,350
2023-10-12,Clarity,Splitter,HDMI Splitter 1*2,, ,500
2023-10-12,Clarity,Splitter,HDMI Splitter 1*4,, ,600
2023-10-12,Clarity,Splitter,VGA Splitter 1*2,, ,550
2023-10-12,Clarity,Splitter,VGA Splitter 1*4,, ,600
2023-10-12,Clarity,Accessory,Heatsink Paste,BIG INJECTION,,60
2023-10-12,Clarity,Accessory,CMOS Battery,BASIC,,40
2023-10-12,Clarity,Accessory,CMOS Battery,DURACELL,,120
2023-10-12,Clarity,Accessory,CMOS 2/3 Pin with Wire,, ,150
2023-10-12,Clarity,Accessory,External HDD Pouch,, ,120
2023-10-12,Clarity,Accessory,Cleaning Kit,BASIC,,60
2023-10-12,Clarity,Accessory,Cleaning Kit,COCONUT,,150
2023-10-12,Clarity,Mousepad,ZEBRONIC Surface,, ,25
2023-10-12,Clarity,Mousepad,COMFORT BASIC,, ,40
2023-10-12,Clarity,Mousepad,COMFORT HIGH QUALITY,, ,140
2023-10-12,Clarity,Mousepad,LIVETECH Long Size Surface,, ,200
2023-10-12,Clarity,Mousepad,LIVETECH RGB Surface,, ,300
2023-10-12,Clarity,Docking Station,Type-C Dock Station 3IN1, PORTRONIC,3A,180
2023-10-12,Clarity,Docking Station,Type-C Dock Station 4IN1, PORTRONIC,31C,450
2023-10-12,Clarity,Docking Station,Type-C Dock Station 5IN1, PORTRONIC,51,1650
2023-10-12,Clarity,Docking Station,Type-C Dock Station 6IN1, PORTRONIC,6C,1150
2023-10-12,Clarity,Docking Station,Type-C Dock Station 7IN1, PORTRONIC,52,1500
2023-10-12,Clarity,Docking Station,Type-C Dock Station 11IN1, PORTRONIC,11C,2650
2023-10-12,Clarity,USB to LAN Converter,BASIC,2.0,,200
2023-10-12,Clarity,USB to LAN Converter,COCONUT,2.0,,300
2023-10-12,Clarity,USB to LAN Converter,COCONUT,3.0 GIGA,,650
2023-10-12,Clarity,USB to LAN Converter,LIVETECH,3.0 GIGA,,800
2023-10-12,Clarity,USB to LAN Converter,NEXTECH,3.0 GIGA High Quality,,1200
2023-10-13,Clarity,Headphone,Wired,ZEBRONIC,HM200,350
2023-10-13,Clarity,Headphone,Wired,RAPOO,USB H150,900
2023-10-13,Clarity,Headphone,Bluetooth,FOXIN,,550
2023-10-18,Clarity,Cabinet,Basic,ENTER,,980
2023-10-18,Clarity,Cabinet,Basic,FRONTECH,,1000
2023-10-18,Clarity,Cabinet,Basic,LAPCARE,,1000
2023-10-18,Clarity,Cabinet,Basic,ZEBRONIC,SMASH,1050
2023-10-18,Clarity,Cabinet,Basic,LIVETECH,FRANCE,1100
2023-10-18,Clarity,Cabinet,Basic,COCONUT,JACK,1150
2023-10-18,Clarity,Cabinet,Basic,ZEBRONOC,ZIUM RGB,1800
2023-10-18,Clarity,Cabinet,Big Size,COCONUT,TEAK,1750
2023-10-18,Clarity,Cabinet,Big Size,CIRCEL,BONSAI,1900
2023-10-18,Clarity,Cabinet,Big Size,FINGERS,ATLANTIC,2050
2023-10-18,Clarity,Cabinet,Big Size,FINGERS,GALLANT,2150
2023-10-18,Clarity,Cabinet,Big Size,FINGERS,ASCEND,2150
2023-10-18,Clarity,Cabinet,Big Size,FINGERS,RGB FLOW C2,2150
2023-10-18,Clarity,Cabinet,Big Size,FINGERS,RGB GAMING BRUNO,2650
2023-10-26,Clarity,Motherboard,Desktop,LAPCARE,G41 DDR2,1650
2023-10-26,Clarity,Motherboard,Desktop,LAPCARE,G41 DDR3,1675
2023-10-26,Clarity,Motherboard,Desktop,LAPCARE,H61 DDR3,1700
2023-10-26,Clarity,Motherboard,Desktop,LAPCARE,H81 DDR3,2200
2023-10-26,Clarity,Motherboard,Desktop,FRONTECH,H81 DDR3,2200
2023-10-26,Clarity,Motherboard,Desktop,FRONTECH,H110 DDR4,3400
2023-10-26,Clarity,Motherboard,Desktop,CONSISTENT,H310 DDR4,3650
2023-10-26,Clarity,HDD,Desktop,KRYSTAA,500GB,650
2023-10-26,Clarity,HDD,Desktop,BLUEFEATHER,1TB,1650
2023-10-26,Clarity,HDD,Desktop,SEAGATE,1TB SKYHAWK,3800
2023-10-26,Clarity,HDD,Desktop,DAICHI,4TB,3750
2023-10-26,Clarity,HDD,Laptop,CONSISTENT,320GB,600
2023-10-26,Clarity,HDD,Laptop,CONSISTENT,500GB,800
2023-10-26,Clarity,HDD,Laptop,DAICHI,1TB,2450
2023-10-26,Clarity,HDD,External,TOSHIBA,1TB,4350
2023-10-26,Clarity,HDD,External,TOSHIBA,2TB,5800
2023-10-26,Clarity,HDD,External,SEAGATE,1TB EXPANSION,4680
2023-10-26,Clarity,HDD,External,SEAGATE,2TB EXPANSION,6300
2023-10-26,Clarity,HDD,External,SEAGATE,1TB ONE TOUCH,4900
2023-10-26,Clarity,HDD,External,SEAGATE,2TB ONE TOUCH,6500
2023-10-26,Clarity,RAM,Desktop DDR2,SAMSUNG,2GB,270
2023-10-26,Clarity,RAM,Desktop DDR3,SAMSUNG,4GB,350
2023-10-26,Clarity,RAM,Desktop DDR3,SAMSUNG,8GB,700
2023-10-26,Clarity,RAM,Desktop DDR4,SAMSUNG,4GB,700
2023-10-26,Clarity,RAM,Desktop DDR4,SAMSUNG,8GB,1100
2023-10-26,Clarity,RAM,Desktop DDR2,DAICHI,2GB,310
2023-10-26,Clarity,RAM,Desktop DDR3,DAICHI,4GB 12800MHz,450
2023-10-26,Clarity,RAM,Desktop DDR3,DAICHI,4GB 10600MHz (1333),<enquire>
2023-10-26,Clarity,RAM,Desktop DDR3,DAICHI,8GB 12800MHz,750
2023-10-26,Clarity,RAM,Desktop DDR4,CRUCIAL,4GB 2666MHz,1150
2023-10-26,Clarity,RAM,Desktop DDR4,CRUCIAL,8GB 2666MHz,1550
2023-10-26,Clarity,RAM,Desktop DDR4,CRUCIAL,16GB 2666MHz,2700
2023-10-26,Clarity,RAM,Laptop DDR3,SAMSUNG,4GB,350
2023-10-26,Clarity,RAM,Laptop DDR3,SAMSUNG,8GB,700
2023-10-26,Clarity,RAM,Laptop DDR4,SAMSUNG,4GB,700
2023-10-26,Clarity,RAM,Laptop DDR4,SAMSUNG,8GB,1100
2023-10-26,Clarity,RAM,Laptop DDR4,SAMSUNG,16GB 2400MHz,2200
2023-10-26,Clarity,RAM,Laptop DDR3,DAICHI,4GB 12800MHz,450
2023-10-26,Clarity,RAM,Laptop DDR3,DAICHI,4GB 10600MHz (1333),<enquire>
2023-10-26,Clarity,RAM,Laptop DDR3,DAICHI,8GB 12800MHz,750
2023-10-26,Clarity,RAM,Laptop DDR4,CRUCIAL,4GB 2666MHz,1150
2023-10-26,Clarity,RAM,Laptop DDR4,CRUCIAL,8GB 2666MHz,2500
2023-10-26,Clarity,RAM,Laptop DDR4,CRUCIAL,16GB 2666MHz,2700
2023-10-27,Clarity,Storage,SATA SSD,EVM,128GB,860
2023-10-27,Clarity,Storage,SATA SSD,NEXTRON,128GB,810
2023-10-27,Clarity,Storage,SATA SSD,HP,128GB,1100
2023-10-27,Clarity,Storage,SATA SSD,EVM,256GB,1450
2023-10-27,Clarity,Storage,SATA SSD,NEXTRON,256GB,1400
2023-10-27,Clarity,Storage,SATA SSD,CRUCIAL,250GB,2900
2023-10-27,Clarity,Storage,SATA SSD,WD,240GB GREEN,2050
2023-10-27,Clarity,Storage,SATA SSD,SAMSUNG,250GB,3200
2023-10-27,Clarity,Storage,SATA SSD,EVM,512GB,2300
2023-10-27,Clarity,Storage,SATA SSD,NEXTRON,512GB,2250
2023-10-27,Clarity,Storage,SATA SSD,WD,480GB GREEN,3050
2023-10-27,Clarity,Storage,SATA SSD,CRUCIAL,500GB,2750
2023-10-27,Clarity,Storage,SATA SSD,WD,1TB GREEN,4900
2023-10-27,Clarity,Storage,SATA SSD,CRUCIAL,1TB,4650
2023-10-27,Clarity,Storage,NVME,EVM,128GB,1100
2023-10-27,Clarity,Storage,NVME,EVM,256GB,1700
2023-10-27,Clarity,Storage,NVME,WD,240GB GREEN,2300
2023-10-27,Clarity,Storage,NVME,EVM,512GB,2200
2023-10-27,Clarity,Storage,NVME,CRUCIAL,500GB,2800
2023-10-27,Clarity,Storage,NVME,WD,1TB GREEN,5050
2023-10-27,Clarity,Storage,NVME,CRUCIAL,1TB,4750
2023-10-27,Clarity,Processor,CORE 2 DUO,, ,300
2023-10-27,Clarity,Processor,I3 3RD,, ,700
2023-10-27,Clarity,Processor,I3 4TH,, ,750
2023-10-27,Clarity,Processor,I3 6TH,, ,1500
2023-10-27,Clarity,Processor,I5 3RD,, ,1450
2023-10-27,Clarity,Processor,I5 4TH,, ,1825
2023-10-27,Clarity,Processor,I5 6TH,, ,3590
2023-10-27,Clarity,Processor,I3 7TH,, ,1850
2023-10-27,Clarity,Processor,I3 8TH,, ,3750
2023-10-27,Clarity,Processor,I3 9TH,, ,6020
2023-10-27,Clarity,Processor,I5 7TH,, ,4900
2023-10-27,Clarity,Processor,I5 8TH,, ,6670
2023-10-27,Clarity,Processor,I5 9TH,, ,8990
2023-10-27,Clarity,Processor,I7 3RD,, ,3690
2023-10-27,Clarity,Processor,I7 4TH,, ,3750
2023-10-27,Clarity,Processor,I7 6TH,, ,7500
2023-10-27,Clarity,SMPS,450W,LAPCARE,BASIC,450
2023-10-27,Clarity,SMPS,450W,COCONUT,HIGH QUALITY MODEL,575
2023-10-27,Clarity,SMPS,450W,FINGERS,GAMA,770
2023-10-27,Clarity,SMPS,500W,FINGERS,BLACK BOX GAMING,1700
2023-10-27,Clarity,Cabinet,Basic,ENTER,,950
2023-10-27,Clarity,Cabinet,Basic,ZEBRONIC,SMASH,950
2023-10-27,Clarity,Cabinet,Basic,LIVETECH,FRANCE,1050
2023-10-27,Clarity,Cabinet,Basic,COCONUT,JACK,1150
2023-10-27,Clarity,Cabinet,Basic,ZEBRONOC,ZIUM RGB WITH SMPS,1700
2023-10-27,Clarity,Cabinet,Big Size,COCONUT,TEAK,1750
2023-10-27,Clarity,Cabinet,Big Size,CIRCEL,BONSAI,1900
2023-10-27,Clarity,Cabinet,Big Size,FINGERS,ATLANTIC,2050
2023-10-27,Clarity,Cabinet,Big Size,FINGERS,GALLANT,2150
2023-10-27,Clarity,Cabinet,Big Size,FINGERS,ASCEND,2150
2023-10-27,Clarity,Cabinet,Big Size,FINGERS,RGB FLOW C2,2150
2023-10-27,Clarity,Cabinet,Big Size,FINGERS,RGB GAMING BRUNO,2650
2023-10-27,Clarity,UPS,Unit,ZEBRONIC,,1700
2023-10-27,Clarity,UPS,Unit,ZEBRONIC,,1650
2023-10-27,Clarity,UPS,Unit,LAPCARE,,1700
2023-10-27,Clarity,UPS,Unit,LAPCARE,,1650
2023-10-27,Clarity,UPS,Unit,MICROTEK,,2250
2023-10-27,Clarity,Antivirus,Digital License,K7,K7 Total Security,320
2023-10-27,Clarity,Antivirus,Digital License,Kaspersky,Kaspersky Total Security,330
2023-10-27,Clarity,Antivirus,Digital License,QuickHeal,Internet Essential,280
2023-10-28,Clarity,Monitor,IVOOMI,Ivoomi,19.0 1YR WRTY,2450
2023-10-28,Clarity,Monitor,VIEWSONIC,ViewSonic,19.0 5YR WRTY,5150
2023-10-28,Clarity,Monitor,Generic,Generic,24.0 IPS FRAMELESS WITH INBUILT SPEAKER 3YR,7000
2023-10-28,Clarity,Monitor,ZEBSTAR,Zebstar,15.1 1YR WRTY,2050
2023-10-28,Clarity,Monitor,ZEBSTAR,Zebstar,17.0 1YR WRTY,2500
2023-10-28,Clarity,Monitor,ZEBSTAR,Zebstar,19.0 1YR WRTY,2600
2023-10-28,Clarity,Monitor,ZEBSTAR,Zebstar,22.0 1YR WRTY,3600
2023-10-28,Clarity,Monitor,ZEBSTAR,Zebstar,24.0 1YR WRTY,7350
2023-10-28,Clarity,Monitor,LAPCARE,Lapcare,17.0 SQUARE 1YR,2480
2023-10-28,Clarity,Monitor,LAPCARE,Lapcare,18.0 WIDE 1YR,2850
2023-10-28,Clarity,Monitor,LAPCARE,Lapcare,19.0 WIDE 1YR,3000
2023-10-28,Clarity,Monitor,LAPCARE,Lapcare,22.0 FRAMLESS IPS 3YR,5550
2023-10-28,Clarity,Monitor,LAPCARE,Lapcare,24.0 FRAMELESS IPS 3YR,6800
2023-10-28,Clarity,Monitor,FINGERS,Fingers,22.0,5650
2023-10-28,Clarity,Monitor,FINGERS,Fingers,24.0,7450
2023-10-28,Clarity,Monitor,DELL,Dell,19INCH D1918H,5600
2023-10-28,Clarity,Monitor,DELL,Dell,20INCH D2020H,5850
2023-10-28,Clarity,Monitor,DELL,Dell,22INCH E2223HN,6650
2023-10-28,Clarity,Monitor,DELL,Dell,24INCH S2421HN,9250
2023-10-28,Clarity,Monitor,DELL,Dell,24INCH SE2222H,9500
2023-10-28,Clarity,Monitor,DELL,Dell,24INCH S2421H,9800
2023-10-28,Clarity,Monitor,DELL,Dell,24INCH S2421HGF,10250
2023-10-28,Clarity,Monitor,DELL,Dell,27INCH E2723HN,12600
2023-10-28,Clarity,Monitor,DELL,Dell,27INCH SE2722H,12500
2023-10-28,Clarity,Monitor,DELL,Dell,27INCH S2721HN,13000
2023-10-28,Clarity,Monitor,SAMSUNG,Samsung,19INCH,5250
2023-10-28,Clarity,Monitor,SAMSUNG,Samsung,22INCH,6200
2023-10-28,Clarity,Monitor,SAMSUNG,Samsung,22INCH IPS FRAMLESS,7300
2023-10-28,Clarity,Monitor,SAMSUNG,Samsung,24INCH,8150
2023-10-28,Clarity,Monitor,SAMSUNG,Samsung,24INCH IPS FRAMLESS,8300
2023-10-28,Clarity,Monitor,SAMSUNG,Samsung,27INCH IPS FRAMELESS,11600
2023-10-28,Clarity,Monitor,HP,HP,20INCH V20,6200
2023-10-28,Clarity,Monitor,HP,HP,22INCH V22V G5,6950
2023-10-28,Clarity,Monitor,HP,HP,22INCH V221 G5,7950
2023-10-28,Clarity,Monitor,HP,HP,22INCH M22F,9600
2023-10-28,Clarity,Monitor,HP,HP,24INCH V24V G5,9100
2023-10-28,Clarity,Monitor,HP,HP,24INCH V24I G5,9500
2023-10-28,Clarity,Monitor,HP,HP,24INCH M24H,10600
2023-10-28,Clarity,Monitor,HP,HP,24INCH M24F,11500
2023-10-28,Clarity,Monitor,HP,HP,27INCH M27HA,11850
2023-10-28,Clarity,Monitor,HP,HP,27INCH V27I G5,12650
2023-10-28,Clarity,Monitor,HP,HP,27INCH M27F,14200
2023-10-28,Clarity,Monitor,HP,HP,27INCH M27FWA,15250
2023-10-28,Clarity,Monitor,BENQ,BenQ,22INCH GW2283,7950
2023-10-28,Clarity,Monitor,BENQ,BenQ,24INCH GW2224,8700
2023-10-28,Clarity,Monitor,BENQ,BenQ,27INCH GW2780,12000
2023-10-28,Clarity,Graphic Card,NEXTRON,DDR3,1GB,1700
2023-10-28,Clarity,Graphic Card,NEXTRON,DDR3,2GB,2000
2023-10-28,Clarity,Graphic Card,NEXTRON,DDR3,4GB,2650
2023-10-31,Clarity,Laptop,Refurbished,LENOVO,T460 I5 6TH 8GB 256GB SSD,15000
2023-10-31,Clarity,Laptop,Refurbished,HP,PROBOOK 640 G2 I5 6TH GEN 8GB 256GB SSD,16500
2023-10-31,Clarity,Laptop,Refurbished,HP,PROBOOK 640 G3 I5 7TH GEN 8GB 256GB SSD,17500
2023-10-31,Clarity,Laptop,Refurbished,LENOVO,T480 I5 8TH 8GB 256GB,19000
2023-10-31,Clarity,Laptop,Refurbished,HP,PROBOOK 440 G5 I5 8TH 8GB 256GB SSD,19500
2023-10-31,Clarity,Laptop,Refurbished,DELL,LATITUDE 7310 I7 10TH GEN 16GB 512GB SSD TOUCH SCREEN,39500
2023-10-31,Clarity,Laptop,Refurbished,DELL,LATITUDE 7410 I7 10TH GEN 16GB 512GB SSD TOUCH SCREEN,40500
2023-10-31,Clarity,Laptop,Refurbished,APPLE,MACBOOK A1398 I7 4TH GEN 16GB 256GB SSD,24000
2023-10-31,Clarity,Laptop,Refurbished,APPLE,MACBOOK A1502 I7 5TH GEN 16GB 256GB SSD,25000
2023-11-14,Clarity,Antivirus,Antivirus,KASPERSKY,KASPERSKY ANTIVIRUS,200
2023-11-14,Clarity,Antivirus,Antivirus,K7,K7 ANTIVIRUS PREMIUM,250
2023-11-14,Clarity,Antivirus,Total Security,K7,K7 TOTAL SECURITY 1NOS,300
2023-11-14,Clarity,Antivirus,Total Security,K7,K7 TOTAL SECURITY 25NOS,270
2023-11-14,Clarity,Antivirus,Total Security,K7,K7 TOTAL SECURITY 50NOS,265
2023-11-14,Clarity,Antivirus,Total Security,KASPERSKY,KASPERSKY TOTAL SECURITY 1NOS,330
2023-11-14,Clarity,Antivirus,Total Security,KASPERSKY,KASPERSKY TOTAL SECURITY 20NOS,310
2023-11-14,Clarity,Antivirus,Total Security,KASPERSKY,KASPERSKY TOTAL SECURITY 40NOS,290
2023-11-14,Clarity,Antivirus,Internet Security,QUICKHEAL,QUICKHEAL INTERNET ESSENTIAL 1NOS,280
2023-11-14,Clarity,Antivirus,Internet Security,QUICKHEAL,QUICKHEAL INTERNET ESSENTIAL 20NOS,265
2023-11-14,Clarity,Antivirus,Internet Security,QUICKHEAL,QUICKHEAL INTERNET ESSENTIAL 40NOS,245
2023-11-14,Clarity,Operating System,Windows,DIGITAL KEY,WINDOWS 10 PRO,600
2023-11-14,Clarity,Operating System,Windows,DIGITAL KEY,WINDOWS 11 PRO,700
2023-11-14,Clarity,Operating System,Windows,PHYSICAL PACK,WINDOWS 10 PRO,2500
2023-11-14,Clarity,Operating System,Windows,PHYSICAL PACK,WINDOWS 11 PRO,2600
2023-11-14,Clarity,Laptop Display,Screen,FRONTECH,14.0 NORMAL 40PIN,1500
2023-11-14,Clarity,Laptop Display,Screen,FRONTECH,14.0 PAPER 30PIN HD,2600
2023-11-14,Clarity,Laptop Display,Screen,FRONTECH,14.0 PAPER 40PIN,2400
2023-11-14,Clarity,Laptop Display,Screen,FRONTECH,14.0 PAPER 30PIN FULL HD FRAMELESS,3300
2023-11-14,Clarity,Laptop Display,Screen,FRONTECH,15.6 NORMAL 40PIN,2300
2023-11-14,Clarity,Laptop Display,Screen,FRONTECH,15.6 PAPER 30PIN HD,2650
2023-11-14,Clarity,Laptop Display,Screen,FRONTECH,15.6 PAPER 40PIN,2850
2023-11-14,Clarity,Laptop Display,Screen,FRONTECH,15.6 PAPER 30PIN FULL HD FRAMELESS,3300
2023-11-14,Clarity,Laptop Display,Screen,DC BILL,14.0 NORMAL 40PIN,1050
2023-11-14,Clarity,Laptop Display,Screen,DC BILL,14.0 PAPER 30PIN,2100
2023-11-14,Clarity,Laptop Display,Screen,DC BILL,15.6 NORMAL 40PIN,1800
2023-11-14,Clarity,Laptop Display,Screen,DC BILL,15.6 PAPER 30PIN,2300
2023-11-14,Clarity,Laptop Display,Screen,DC BILL,14.0 PAPER 30PIN FHD FRAMELESS,2800
2023-11-14,Clarity,Laptop Display,Screen,DC BILL,15.6 PAPER 30PIN FHD FRAMELESS,2900
2023-11-14,Clarity,Laptop Display,Screen,GST BILL,14.0 NORMAL 40PIN,1250
2023-11-14,Clarity,Laptop Display,Screen,GST BILL,14.0 PAPER 30PIN HD,2300
2023-11-14,Clarity,Laptop Display,Screen,GST BILL,15.6 NORMAL 40PIN,1950
2023-11-14,Clarity,Laptop Display,Screen,GST BILL,15.6 PAPER 30PIN HD,2475
2023-11-14,Clarity,Laptop Display,Screen,GST BILL,14.0 PAPER 30PIN FHD FRAMELESS,2900
2023-11-14,Clarity,Laptop Display,Screen,GST BILL,15.6 PAPER 30PIN FHD FRAMELESS,3050
2023-11-20,Clarity,Printer Supply,Ink Cartridge,Epson,372,1200
2023-11-22,Clarity,Cable,HDMI,NEXTECH,1.8M,250
2023-11-22,Clarity,Cable,HDMI,NEXTECH,3M,320
2023-11-22,Clarity,Cable,HDMI,NEXTECH,5M,480
2023-11-22,Clarity,Cable,HDMI,NEXTECH,10M,1050
2023-11-22,Clarity,Cable,HDMI,NEXTECH,15M,1850
2023-11-22,Clarity,Cable,HDMI,NEXTECH,20M,2950
2023-11-22,Clarity,Cable,HDMI,NEXTECH,25M,3700
2023-11-22,Clarity,Cable,HDMI,NEXTECH,30M,4650
2023-11-22,Clarity,Cable,HDMI,NEXTECH,40M,7500
2023-11-22,Clarity,Cable,HDMI,NEXTECH,50M,930
2023-11-22,Clarity,Cable,HDMI,KINGCOM,1.5M,125
2023-11-22,Clarity,Cable,VGA,NEXTECH,1.5M,250
2023-11-22,Clarity,Cable,VGA,NEXTECH,3M,350
2023-11-22,Clarity,Cable,VGA,NEXTECH,5M,450
2023-11-22,Clarity,Cable,Printer,NEXTECH,1.8M,130
2023-11-22,Clarity,Cable,Printer,NEXTECH,3M,200
2023-11-22,Clarity,Cable,Printer,NEXTECH,5M,250
2023-11-22,Clarity,Cable,Extension,NEXTECH,1.5M,130
2023-11-22,Clarity,Cable,Extension,NEXTECH,3M,200
2023-11-22,Clarity,Cable,Extension,NEXTECH,5M,250
2023-11-22,Clarity,Cable,USB to SATA,NEXTECH,3.0,500
2023-11-22,Clarity,OS,Windows,DIGITAL KEY,,600
2023-11-22,Clarity,OS,Windows,OG PACK,,2500
2023-11-22,Clarity,LAPTOP,,HP,440 G5,18500
2023-11-22,Clarity,LAPTOP,,HP,840 G3,17500
2023-11-22,Clarity,LAPTOP,,DELL,E7400,23000
2023-11-22,Clarity,LAPTOP,,DELL,E7290,21000
2023-11-22,Clarity,LAPTOP,,LENOVO,E41-25,7300
2023-11-27,Clarity,USB MOUSE,,PROLITE,CHOTU,65
2023-11-27,Clarity,USB MOUSE,,ZEBRONIC,RISE,85
2023-11-27,Clarity,USB MOUSE,,LIVETECH,WD04,90
2023-11-27,Clarity,USB MOUSE,,PORTRONIC,TOAD,100
2023-11-27,Clarity,USB MOUSE,,HAMMOK,SARA,100
2023-11-27,Clarity,USB MOUSE,,FINGERS,MEGAHIT,175
2023-11-27,Clarity,USB MOUSE,,FINGERS,SUPERCLICK,225
2023-11-27,Clarity,USB MOUSE,,TVS,,200
2023-11-27,Clarity,USB MOUSE,,DELL,MS216,240
2023-11-27,Clarity,USB MOUSE,,HP,M10,200
2023-11-27,Clarity,USB MOUSE,,LOGITECH,M90,240
2023-11-27,Clarity,WIRELESS MOUSE,,LIVETECH,DRAW,200
2023-11-27,Clarity,WIRELESS MOUSE,,GENIUS,GENIUS,200
2023-11-27,Clarity,WIRELESS MOUSE,,COCONUT,FAME,250
2023-11-27,Clarity,WIRELESS MOUSE,,TVS,,320
2023-11-27,Clarity,WIRELESS MOUSE,,HP,S500,460
2023-11-27,Clarity,WIRELESS MOUSE,,FINGERS,ARROW GRIP,470
2023-11-27,Clarity,WIRELESS MOUSE,,LOGITECH,M90,490
2023-11-27,Clarity,WIRELESS MOUSE,,DELL,MS118,540
2023-11-27,Clarity,USB KEYBOARD,,COCONUT,LEMON,180
2023-11-27,Clarity,USB KEYBOARD,,ZEBRONIC,,195
2023-11-27,Clarity,USB KEYBOARD,,TVS,CHAMP,350
2023-11-27,Clarity,USB KEYBOARD,,TVS,CHAMP HD,400
2023-11-27,Clarity,USB KEYBOARD,,FINGERS,FABCLICK,350
2023-11-27,Clarity,USB KEYBOARD,,FINGERS,SUPERCLICK,410
2023-11-27,Clarity,USB KEYBOARD,,HP,K100,450
2023-11-27,Clarity,USB KEYBOARD,,DELL,KB216,475
2023-11-27,Clarity,USB KEYBOARD,,LIVETECH,KB03 MECHANICAL,700
2023-11-27,Clarity,USB KEYBOARD,,LOGITECH,K120,530
2023-11-27,Clarity,USB KEYBOARD,,COCONUT,MINI K20,280
2023-11-27,Clarity,USB KEYBOARD,,TVS,GOLD PRIME MECHANICAL,2250
2023-11-27,Clarity,USB COMBO KB+M,,ZEBRONIC,,275
2023-11-27,Clarity,USB COMBO KB+M,,TVS,,600
2023-11-27,Clarity,USB COMBO KB+M,,FINGERS,VELVET,600
2023-11-27,Clarity,USB COMBO KB+M,,HP,KM150,650
2023-11-27,Clarity,USB COMBO KB+M,,LOGITECH,MK120,850
2023-11-27,Clarity,USB COMBO KB+M,,LIVETECH,RGB EVON,1000
2023-11-27,Clarity,WIRELESS COMBO KB+M,,LIVETECH,,600
2023-11-27,Clarity,WIRELESS COMBO KB+M,,PORTRONIC,,700
2023-11-27,Clarity,WIRELESS COMBO KB+M,,LAPCARE,,710
2023-11-27,Clarity,WIRELESS COMBO KB+M,,FINGERS,,980
2023-11-27,Clarity,WIRELESS COMBO KB+M,,HP,CS10,980
2023-11-27,Clarity,WIRELESS COMBO KB+M,,LENOVO,,1000
2023-11-27,Clarity,WIRELESS COMBO KB+M,,DELL,,1125
2023-11-27,Clarity,WIRELESS COMBO KB+M,,LOGITECH,MK275,1650
2023-11-27,Clarity,WIRELESS COMBO KB+M,,LOGITECH,,1450
2023-11-27,Clarity,TONER,PRODOT,12A,120GM,95
2023-11-27,Clarity,TONER,PRODOT,88A,,80
2023-11-27,Clarity,TONER,PRODOT,BROTHER,100GM,120
2023-11-27,Clarity,TONER,PRODOT,SAMSUNG,80GM,95
2023-11-27,Clarity,TONER,SR WORLD,12A,,300
2023-11-27,Clarity,TONER,TECHI,12A,,340
2023-11-27,Clarity,TONER,TECHI,88A,,340
2023-11-27,Clarity,TONER,ZEBRONIC,88A,,340
2023-11-27,Clarity,TONER,ZEBRONIC,78A,,350
2023-11-27,Clarity,TONER,ZEBRONIC,925A,,350
2023-11-27,Clarity,TONER,TECHI,337,,400
2023-11-27,Clarity,TONER,TECHI,HP85A,,400
2023-11-27,Clarity,TONER,IMAGEKING,12A,,370
2023-11-27,Clarity,TONER,IMAGEKING,88A,,370
2023-11-27,Clarity,TONER,IMAGEKING,78A,,370
2023-11-27,Clarity,TONER,IMAGEKING,925A,,450
2023-11-27,Clarity,TONER,IMAGEKING,78A,,450
2023-11-27,Clarity,INK,EPSON,003,BLACK,300
2023-11-27,Clarity,INK,EPSON,003,CYM,420
2023-11-27,Clarity,INK,EPSON,664,BLACK,320
2023-11-27,Clarity,INK,EPSON,664,CYM,460
2023-11-27,Clarity,INK,EPSON,673,ALL,625
2023-11-27,Clarity,INK,EPSON,001,BLACK,850
2023-11-27,Clarity,INK,EPSON,008,BLACK,900
2023-11-27,Clarity,INK,EPSON,008,CYM,720
2023-11-27,Clarity,INK,EPSON,005,BLACK,600
2023-11-27,Clarity,INK,EPSON,774,BLACK,620
2023-11-27,Clarity,INK,HP,GT52,BLACK,650
2023-11-27,Clarity,INK,HP,GT53,COLOUR,650
2023-11-27,Clarity,INK,CANON,790,BLACK,480
2023-11-27,Clarity,INK,CANON,790,COLOUR,480
2023-11-27,Clarity,INK,CANON,71,BLACK,enquire,
2023-11-27,Clarity,INK,CANON,71,COLOUR,enquire,
2023-11-27,Clarity,INK,CANON,70,BLACK,enquire,
2023-11-27,Clarity,INK,CANON,70,COLOUR,enquire,
2023-11-27,Clarity,INK,CANON,73,BLACK,enquire,
2023-11-27,Clarity,INK,CANON,73,COLOUR,enquire,
2023-11-27,Clarity,INK,BROTHER,D60,enquire,  
2023-11-27,Clarity,INK,BROTHER,BT5000,enquire,  
2023-11-27,Clarity,INK,BROTHER,BT6000,enquire,  
2023-11-27,Clarity,ACCESSORY,FINGERS,MANTRA,Fingerprint Scanner,2XXX
2023-11-27,Clarity,ACCESSORY,TECHI,,WiFi Receiver,150
2023-11-27,Clarity,ACCESSORY,COCONUT,,WiFi Receiver,200
2023-11-27,Clarity,ACCESSORY,LIVETECH,,WiFi Receiver,250
2023-11-27,Clarity,ACCESSORY,TPLINK,,WiFi Receiver,480
2023-11-27,Clarity,ACCESSORY,LIVETECH,,WiFi Receiver,350
2023-11-27,Clarity,ACCESSORY,TPLINK,,WiFi Receiver,600
2023-11-27,Clarity,ACCESSORY,LIVETECH,,WiFi Receiver,650
2023-11-27,Clarity,ACCESSORY,TPLINK,,WiFi Receiver,910
2023-11-27,Clarity,ACCESSORY,COCONUT,,Bluetooth Receiver,200
2023-11-27,Clarity,ACCESSORY,COCONUT,,Bluetooth+WiFi Receiver,580
2023-11-27,Clarity,ACCESSORY,TANTRA,,Receiver+Transmitter,250
2023-11-27,Clarity,ACCESSORY,COCONUT,,HDD Case 2.0 LAP,230
2023-11-27,Clarity,ACCESSORY,LIVETECH,,HDD Case 2.0 LAP,250
2023-11-27,Clarity,ACCESSORY,COCONUT,,HDD Case 3.0 LAP,400
2023-11-27,Clarity,ACCESSORY,LIVETECH,,HDD Case 3.0 LAP,450
2023-11-27,Clarity,ACCESSORY,COCONUT,,HDD Case 3.0 PC,900
2023-11-27,Clarity,ACCESSORY,HAZE,,USB 4 Port Hub 1.5M,200
2023-11-27,Clarity,ACCESSORY,FINGERS,,USB 4 Port Hub 2.0,400
2023-11-27,Clarity,ACCESSORY,COCONUT,,Desktop Fan Clip Type,160
2023-11-27,Clarity,ACCESSORY,INTEL,,Desktop Fan Basic,250
2023-11-27,Clarity,ACCESSORY,INTEL,,Desktop Fan Quality,600
2023-11-27,Clarity,ACCESSORY,LIVETECH,,Cabinet RGB Fan,350
2023-11-27,Clarity,ACCESSORY,LG,,DVD Writer OEM Internal PC,800
2023-11-27,Clarity,ACCESSORY,HP,,DVD Writer External,1450
2023-11-27,Clarity,ACCESSORY,LAPCARE,,4G Modem Dongle,1700
2023-11-27,Clarity,ACCESSORY,COCONUT,,4G Modem Hotspot,2500
2023-11-27,Clarity,ACCESSORY,COFE,,4G Modem Basic,1700
2023-11-27,Clarity,ACCESSORY,COFE,,4G Modem 3 Antenna,1900
2023-11-27,Clarity,ACCESSORY,ZEBRONIC,,Webcam Krystal Pro,550
2023-11-27,Clarity,ACCESSORY,LAPCARE,,Webcam 720p,750
2023-11-27,Clarity,ACCESSORY,FINGERS,,Webcam 1080p,1650
2023-11-27,Clarity,ACCESSORY,LOGITECH,,Webcam C270,1850
2023-11-27,Clarity,ACCESSORY,FINGERS,,Headphone H527,270
2023-11-27,Clarity,ACCESSORY,FINGERS,,Headphone H6,540
2023-11-27,Clarity,ACCESSORY,FINGERS,,Headphone F10,590
2023-11-27,Clarity,ACCESSORY,HP,,Headphone,enquire
2023-11-27,Clarity,ACCESSORY,FOXIN,,Wireless Headphone,550
2023-11-27,Clarity,PRINTER,HP,HP,Color Laser MFP 178NW,enquire
2023-11-27,Clarity,PRINTER,HP,HP,Color Laser 150nw,enquire
2023-11-27,Clarity,PRINTER,HP,HP,Color LaserJet Pro M255dw,enquire
2023-11-27,Clarity,PRINTER,HP,HP,Color LaserJet Pro MFP M183fW,enquire
2023-11-27,Clarity,PRINTER,HP,HP,DeskJet 1212,enquire
2023-11-27,Clarity,PRINTER,HP,HP,DeskJet 2331 All-in-One,enquire
2023-11-27,Clarity,PRINTER,HP,HP,DeskJet 2332 AiO,enquire
2023-11-27,Clarity,PRINTER,HP,HP,DeskJet 2723 All-in-One,enquire
2023-11-27,Clarity,PRINTER,HP,HP,DeskJet 2729 All-in-One,enquire
2023-11-27,Clarity,PRINTER,HP,HP,DeskJet IA 2335 All-in-One,enquire
2023-11-27,Clarity,PRINTER,HP,HP,DeskJet IA 2338 AiO,enquire
2023-11-27,Clarity,PRINTER,HP,HP,DeskJet IA 2776 All-in-One,enquire
2023-11-27,Clarity,PRINTER,HP,HP,DeskJet IA 2778 All-in-One,enquire
2023-11-27,Clarity,PRINTER,HP,HP,DeskJet IA 4178 All-in-One,enquire
2023-11-27,Clarity,PRINTER,HP,HP,DeskJet IA Ultra 4826 AIO,enquire
2023-11-27,Clarity,PRINTER,HP,HP,DeskJet IA Ultra 4829 AIO,enquire
2023-11-27,Clarity,PRINTER,HP,HP,DeskJet Plus 4123 All-in-One,enquire
2023-11-27,Clarity,PRINTER,HP,HP,DJ Plus IA 6075 AiO,enquire
2023-11-27,Clarity,PRINTER,HP,HP,Ink Tank 115 SF,enquire
2023-11-27,Clarity,PRINTER,HP,HP,Ink Tank 310 AiO,enquire
2023-11-27,Clarity,PRINTER,HP,HP,Ink Tank 315 AiO,enquire
2023-11-27,Clarity,PRINTER,HP,HP,Ink Tank 316 AiO,enquire
2023-11-27,Clarity,PRINTER,HP,HP,Ink Tank 319 AiO,enquire
2023-11-27,Clarity,PRINTER,HP,HP,Ink Tank 410 AiO,enquire
2023-11-27,Clarity,PRINTER,HP,HP,Ink Tank 415 AiO,enquire
2023-11-27,Clarity,PRINTER,HP,HP,Ink Tank 419 AiO,enquire
2023-11-27,Clarity,PRINTER,HP,HP,Ink Tank WL 416 AIO,enquire
2023-11-27,Clarity,PRINTER,HP,HP,Laser 108a,enquire
2023-11-27,Clarity,PRINTER,HP,HP,Laser 108w,enquire
2023-11-27,Clarity,PRINTER,HP,HP,Laser 1008A,enquire
2023-11-27,Clarity,PRINTER,HP,HP,Laser 1008W,enquire
2023-11-27,Clarity,PRINTER,HP,HP,Laser 1188A,enquire
2023-11-27,Clarity,PRINTER,HP,HP,Laser 1188FNW,enquire
2023-11-27,Clarity,PRINTER,HP,HP,Laser 1188W,enquire
2023-11-27,Clarity,PRINTER,HP,HP,Laser MFP 136a,enquire
2023-11-27,Clarity,PRINTER,HP,HP,Laser MFP 136w,enquire
2023-11-27,Clarity,PRINTER,HP,HP,Laser MFP 138fnw,enquire
2023-11-27,Clarity,PRINTER,HP,HP,LaserJet M233dw MFP,enquire
2023-11-27,Clarity,PRINTER,HP,HP,LaserJet MFP M233sdw,enquire
2023-11-27,Clarity,PRINTER,HP,HP,LaserJet P1108,enquire
2023-11-27,Clarity,PRINTER,HP,HP,LaserJet Pro MFP M126a,enquire
2023-11-27,Clarity,PRINTER,HP,HP,LaserJet Pro MFP M126nw,enquire
2023-11-27,Clarity,PRINTER,HP,HP,LaserJet Pro MFP M128fn,enquire
2023-11-27,Clarity,PRINTER,HP,HP,LaserJet Pro MFP M128fw,enquire
2023-11-27,Clarity,PRINTER,HP,HP,LaserJet Pro MFP M226dw,enquire
2023-11-27,Clarity,PRINTER,HP,HP,LaserJet Tank 1020w,enquire
2023-11-27,Clarity,PRINTER,HP,HP,LaserJet Tank MFP 1005,enquire
2023-11-27,Clarity,PRINTER,HP,HP,LaserJet Tank MFP 1005w,enquire
2023-11-27,Clarity,PRINTER,HP,HP,LaserJet Tank MFP 2606dn,enquire
2023-11-27,Clarity,PRINTER,HP,HP,LaserJet Tank MFP 2606sdw,enquire
2023-11-27,Clarity,PRINTER,HP,HP,LASERJET M208dw,enquire
2023-11-27,Clarity,PRINTER,HP,HP,LASERJET PRO 3104FDW MFP,enquire
2023-11-27,Clarity,PRINTER,HP,HP,LASERJET PRO 3004DW,enquire
2023-11-27,Clarity,PRINTER,HP,HP,LASERJET PRO 3104FDN MFP,enquire
2023-11-27,Clarity,PRINTER,HP,HP,OfficeJet Pro 6230e,enquire
2023-11-27,Clarity,PRINTER,HP,HP,OfficeJet Pro 7740 WF AiO,enquire
2023-11-27,Clarity,PRINTER,HP,HP,OfficeJet Pro 8020 AIO,enquire
2023-11-27,Clarity,PRINTER,HP,HP,OfficeJet Pro 8210,enquire
2023-11-27,Clarity,PRINTER,HP,HP,OfficeJet Pro 8730 AIO,enquire
2023-11-27,Clarity,PRINTER,HP,HP,OfficeJet Pro 9010 AiO,enquire
2023-11-27,Clarity,PRINTER,HP,HP,OfficeJet Pro 9020 AiO,enquire
2023-11-27,Clarity,PRINTER,HP,HP,Smark Tank 530 AIO,enquire
2023-11-27,Clarity,PRINTER,HP,HP,Smart Tank 210 SF,enquire
2023-11-27,Clarity,PRINTER,HP,HP,Smart Tank 500 AiO,enquire
2023-11-27,Clarity,PRINTER,HP,HP,Smart Tank 515 AiO,enquire
2023-11-27,Clarity,PRINTER,HP,HP,Smart Tank 516 AIO,enquire
2023-11-27,Clarity,PRINTER,HP,HP,Smart Tank 520 WW AIO,enquire
2023-11-27,Clarity,PRINTER,HP,HP,Smart Tank 521,enquire
2023-11-27,Clarity,PRINTER,HP,HP,Smart Tank 525 AIO,enquire
2023-11-27,Clarity,PRINTER,HP,HP,Smart Tank 529 AiO,enquire
2023-11-27,Clarity,PRINTER,HP,HP,Smart Tank 580,enquire
2023-11-27,Clarity,PRINTER,HP,HP,Smart Tank 581 AIO,enquire
2023-11-27,Clarity,PRINTER,HP,HP,Smart Tank 585,enquire
2023-11-27,Clarity,PRINTER,HP,HP,Smart Tank 589 AIO,enquire
2023-11-27,Clarity,PRINTER,HP,HP,Smart Tank 670 AIO,enquire
2023-11-27,Clarity,PRINTER,HP,HP,Smart Tank 675 AIO,enquire
2023-11-27,Clarity,PRINTER,HP,HP,Smart Tank 720 AIO,enquire
2023-11-27,Clarity,PRINTER,HP,HP,Smart Tank 750 AIO,enquire
2023-11-27,Clarity,PRINTER,HP,HP,Smart Tank 790 AIO,enquire
2023-11-27,Clarity,PRINTER,EPSON,EPSON,L3210,enquire
2023-11-27,Clarity,PRINTER,EPSON,EPSON,L3215,enquire
2023-11-27,Clarity,PRINTER,EPSON,EPSON,L3216,enquire
2023-11-27,Clarity,PRINTER,EPSON,EPSON,L3250,enquire
2023-11-27,Clarity,PRINTER,EPSON,EPSON,L3256,enquire
2023-11-27,Clarity,PRINTER,EPSON,EPSON,L3260,enquire
2023-11-27,Clarity,PRINTER,EPSON,EPSON,L3560,enquire
2023-11-27,Clarity,PRINTER,EPSON,EPSON,L4260,enquire
2023-11-27,Clarity,PRINTER,EPSON,EPSON,L5290,enquire
2023-11-27,Clarity,PRINTER,EPSON,EPSON,L6270,enquire
2023-11-27,Clarity,PRINTER,EPSON,EPSON,L6460,enquire
2023-11-27,Clarity,PRINTER,EPSON,EPSON,L6490,enquire
2023-11-27,Clarity,PRINTER,CANON,CANON,G1730,enquire
2023-11-27,Clarity,PRINTER,CANON,CANON,G1020,enquire
2023-11-27,Clarity,PRINTER,CANON,CANON,G2010,enquire
2023-11-27,Clarity,PRINTER,CANON,CANON,G2730,enquire
2023-11-27,Clarity,PRINTER,CANON,CANON,G2770,enquire
2023-11-27,Clarity,PRINTER,CANON,CANON,G3010,enquire
2023-11-27,Clarity,PRINTER,CANON,CANON,G3730,enquire
2023-11-27,Clarity,PRINTER,CANON,CANON,G3770,enquire
2023-11-27,Clarity,PRINTER,CANON,CANON,G4770,enquire
2023-11-27,Clarity,PRINTER,CANON,CANON,G6070,enquire
2023-11-27,Clarity,PRINTER,CANON,CANON,G7070,enquire
2023-11-27,Clarity,PRINTER,CANON,CANON,GM2070,enquire
2023-11-27,Clarity,PRINTER,CANON,CANON,GM4070,enquire
2023-11-27,Clarity,PRINTER,CANON,CANON,G570,enquire
2023-11-27,Clarity,PRINTER,CANON,CANON,G670,enquire
2023-11-27,Clarity,PRINTER,CANON,CANON,6030B,enquire
2023-11-27,Clarity,PRINTER,CANON,CANON,6030w,enquire
2023-11-27,Clarity,PRINTER,CANON,CANON,2900b,enquire
2023-11-27,Clarity,PRINTER,CANON,CANON,MF3010,enquire
2023-11-27,Clarity,PRINTER,CANON,CANON,MF271DN,enquire
2023-11-27,Clarity,PRINTER,CANON,CANON,MF272DW,enquire
2023-11-27,Clarity,PRINTER,CANON,CANON,MF244DW,enquire
2023-12-02,Clarity,LAPTOP,LENOVO,T460,CORE I5 6TH GEN 8GB 256GB SSD B GRADE,13500
2023-12-11,Clarity,LAPTOP,DELL,E5480,CORE I5 6TH GEN 8GB 256GB,16500
2023-12-11,Clarity,LAPTOP,HP,840 G3,CORE I5 6TH GEN 8GB 256GB,17000
2023-12-11,Clarity,LAPTOP,HP,440 G5,CORE I5 7TH GEN 8GB 256GB,17500
2023-12-11,Clarity,LAPTOP,HP,440 G5,CORE I5 8TH GEN 8GB 256GB,19000
2023-12-11,Clarity,LAPTOP,DELL,E5450,CORE I5 5TH GEN 8GB 256GB,13000
2023-12-11,Clarity,LAPTOP,LENOVO,T460,CORE I5 6TH GEN 8GB 256GB,13000
2023-12-13,Clarity,LAPTOP,APPLE,MACBOOK PRO A1990,CORE I9 9TH GEN 16GB 512GB 15" RETINA,55000
2023-12-13,Clarity,LAPTOP,APPLE,MACBOOK PRO A2251,CORE I7 10TH GEN 32GB 512GB 13" RETINA,49000
2023-12-13,Clarity,LAPTOP,APPLE,MACBOOK PRO A1990,CORE I7 9TH GEN 16GB 256GB 15" RETINA,46000
2023-12-13,Clarity,LAPTOP,APPLE,MACBOOK PRO A1990,CORE I7 8TH GEN 16GB 256GB 15" RETINA,42000
2023-12-13,Clarity,LAPTOP,APPLE,MACBOOK PRO A1989,CORE I7 8TH GEN 16GB 512GB 13" RETINA,41500
2023-12-13,Clarity,LAPTOP,DELL,LATITUDE 7410,CORE I7 10TH GEN 32GB 512GB 14" TOUCHSCREEN,41500
2023-12-13,Clarity,LAPTOP,DELL,LATITUDE 7410,CORE I7 10TH GEN 16GB 512GB 14" TOUCHSCREEN,38500
2023-12-13,Clarity,LAPTOP,DELL,LATITUDE 7400,CORE I7 8TH GEN 16GB 512GB 14" TOUCHSCREEN,28000
2023-12-13,Clarity,LAPTOP,HP,15S,CORE I5 11TH GEN 8GB 512GB 15.6" SCREEN,35000
2023-12-13,Clarity,LAPTOP,LENOVO,IDEAPAD SLIM 3,CORE I5 11TH GEN 8GB 512GB 15.6" SCREEN,35000
2023-12-13,Clarity,SOFTWARE,ANTIVIRUS,KASPERSKY,TOTAL SECURITY,300
2023-12-13,Clarity,SOFTWARE,ANTIVIRUS,K7,TOTAL SECURITY,300
2023-12-13,Clarity,SOFTWARE,ANTIVIRUS,K7,ANTIVIRUS,250
2023-12-13,Clarity,SOFTWARE,ANTIVIRUS,QUICKHEAL,INTERNET ESSENTIAL,270
2023-12-13,Clarity,COOLING,LAPTOP COOLING PAD,PORTRONIC,HEXA 5,270
2023-12-13,Clarity,COOLING,LAPTOP COOLING PAD,HAMMOK,DIVINE 1 FAN,300
2023-12-13,Clarity,COOLING,LAPTOP COOLING PAD,HAMMOK,AWESOME 2 FAN + MOBILE STAND,650
2023-12-13,Clarity,COOLING,LAPTOP STAND,PORTRONIC,HEXA 33 ADJUSTABLE + MOBILE STAND,750
2023-12-13,Clarity,COOLING,LAPTOP STAND,PORTRONIC,BUDDY AIR 6 FAN RGB + MOBILE STAND,1350
2023-12-13,Clarity,COOLING,LAPTOP STAND,PORTRONIC,MY BUDDY G LAPTOP + MOBILE STAND,990
2023-12-13,Clarity,COOLING,LAPTOP COOLING PAD,TECH,6 FAN RGB + MOBILE STAND,900
2023-12-13,Clarity,COOLING,LAPTOP COOLING PAD,TECH,4 FAN RGB + USB PORT,850
2023-12-13,Clarity,COOLING,LAPTOP COOLING PAD,TECH,2 FAN 2 USB + MOBILE STAND,620
2024-02-12,Clarity,MONITOR,MONITOR,LAPCARE,15.4 INCH,1950
2024-02-12,Clarity,MONITOR,MONITOR,ZEBSTAR,19 INCH,2450
2024-02-12,Clarity,MONITOR,MONITOR,ACER,19 INCH,5000
2024-02-12,Clarity,MONITOR,MONITOR,DELL,19 INCH,5450
2024-02-28,Clarity,KEYBOARD MOUSE,COMBO,ZEBRONIC,WIFI COMBO,550
2024-02-28,Clarity,KEYBOARD MOUSE,COMBO,PRODOT,WIFI SPARSH,650
2024-02-28,Clarity,KEYBOARD MOUSE,COMBO,RAPOO,WIFI X1800,1100
2024-02-28,Clarity,KEYBOARD MOUSE,COMBO,FINGERS,WIFI EXQUISITE,1000
2024-02-28,Clarity,KEYBOARD MOUSE,COMBO,LOGITECH,MK275 WIFI,1650
2024-02-28,Clarity,KEYBOARD MOUSE,COMBO,HP,440+891 MODEL,990
2024-02-28,Clarity,KEYBOARD MOUSE,COMBO,HP,CS10 WIFI,980
2024-02-28,Clarity,KEYBOARD MOUSE,COMBO,COCONUT,ADMIRE WIFI,N-A
2024-02-28,Clarity,KEYBOARD MOUSE,COMBO,DELL,WIFI COMBO,1150
2024-03-02,Clarity,NETWORK,ROUTER,DLINK,DIR-615 300Mbps Wi-Fi,1050
2024-03-02,Clarity,NETWORK,SWITCH,DLINK,5 PORT,550
2024-03-02,Clarity,NETWORK,SWITCH,TP LINK,5 PORT,570
2024-03-21,Clarity,COOLING,FAN,INTEL,OEM FAN,200
2024-03-22,Clarity,STORAGE,SSD,EVM,128GB SSD,1050
2024-03-22,Clarity,STORAGE,SSD,EVM,256GB SSD,1650
2024-03-22,Clarity,STORAGE,SSD,EVM,512GB SSD,2800
2024-03-22,Clarity,STORAGE,SSD,EVM,1TB SSD,5250
2024-03-22,Clarity,STORAGE,SSD,EVM,128GB NVME,1260
2024-03-22,Clarity,STORAGE,SSD,EVM,256GB NVME,1950
2024-03-22,Clarity,STORAGE,SSD,EVM,512GB NVME,2900
2024-03-22,Clarity,STORAGE,SSD,KRYSTAA,128GB SSD,950
2024-03-22,Clarity,STORAGE,SSD,KRYSTAA,256GB SSD,1600
2024-03-22,Clarity,STORAGE,SSD,KRYSTAA,512GB SSD,2700
2024-03-22,Clarity,STORAGE,SSD,WD,WD 480 GREEN,3150
2024-03-22,Clarity,STORAGE,SSD,WD,WD 1TB GREEN,5500
2024-03-22,Clarity,STORAGE,SSD,WD,WD 2TB GREEN,10750
2024-03-22,Clarity,STORAGE,SSD,WD,WD 250GB BLUE,3000
2024-03-22,Clarity,STORAGE,SSD,WD,WD 500GB BLUE,3900
2024-03-22,Clarity,STORAGE,SSD,WD,WD 1TB BLUE,6200
2024-04-16,Clarity,CABLE,VGA,GENERIC,VGA 1.5M NORMAL,60
2024-04-16,Clarity,CABLE,VGA,GENERIC,VGA 1.5M QUALITY,80
2024-04-16,Clarity,CABLE,VGA,GENERIC,VGA 3M,140
2024-04-16,Clarity,CABLE,HDMI,GENERIC,HDMI 1.5M BASIC,70
2024-04-16,Clarity,CABLE,HDMI,GENERIC,HDMI 1.5M QUALITY KINGCOM,130
2024-04-16,Clarity,CABLE,HDMI,GENERIC,HDMI 3M,140
2024-04-16,Clarity,KEYBOARD,USB KEYBOARD,LIVETECH,LIVETECH MINI KUPPA,300
2024-04-16,Clarity,KEYBOARD,USB KEYBOARD,COCONUT,COCONUT MINI KB08,330
2024-04-16,Clarity,KEYBOARD,USB KEYBOARD,TVS,TVS GOLD PRIME,2200
2024-04-16,Clarity,KEYBOARD,USB KEYBOARD,TVS,TVS CHAMP,370
2024-04-16,Clarity,KEYBOARD,USB KEYBOARD,TVS,TVS CHAMP HD,480
2024-04-16,Clarity,KEYBOARD,USB KEYBOARD,ZEBRONIC,ZEBRONIC K35,200
2024-04-16,Clarity,KEYBOARD,USB KEYBOARD,COCONUT,COCONUT LEMON,190
2024-04-16,Clarity,KEYBOARD,USB KEYBOARD,PRODOT,PRODOT 207S,200
2024-04-16,Clarity,KEYBOARD,USB KEYBOARD,PRODOT,PRODOT FEEL,180
2024-04-16,Clarity,KEYBOARD,USB KEYBOARD,FINGERS,FINGERS K4,430
2024-04-16,Clarity,KEYBOARD,USB KEYBOARD,FINGERS,FINGERS FABCLICK,350
2024-04-16,Clarity,KEYBOARD,USB KEYBOARD,LOGITECH,LOGITECH K120,530
2024-04-16,Clarity,KEYBOARD,USB KEYBOARD,LIVETECH,LIVETECH F5 RGB,1750
2024-04-16,Clarity,KEYBOARD,USB KEYBOARD,LIVETECH,LIVETECH KB03 MECHANICAL,850
2024-04-16,Clarity,KEYBOARD,USB KEYBOARD,LIVETECH,LIVETECH KB08 RGB,1250
2024-04-16,Clarity,KEYBOARD,USB KEYBOARD,DELL,DELL,480
2024-04-16,Clarity,KEYBOARD,USB COMBO,HP,HP KM150,700
2024-04-16,Clarity,KEYBOARD,USB COMBO,TVS,TVS,650
2024-04-16,Clarity,KEYBOARD,USB COMBO,LIVETECH,LIVETECH DARE,300
2024-04-16,Clarity,KEYBOARD,USB COMBO,LIVETECH,LIVETECH DECODE,350
2024-04-16,Clarity,KEYBOARD,USB COMBO,FINGERS,FINGERS MARVEL,500
2024-04-16,Clarity,KEYBOARD,USB COMBO,ZEBRONIC,ZEBRONIC JUDWA,320
2024-04-16,Clarity,KEYBOARD,USB COMBO,LOGITECH,LOGITECH MK120,900
2024-04-16,Clarity,KEYBOARD,WIRELESS COMBO,ZEBRONIC,ZEBRONIC CHAMPION,550
2024-04-16,Clarity,KEYBOARD,WIRELESS COMBO,PRODOT,PRODOT SPARSH,550
2024-04-16,Clarity,KEYBOARD,WIRELESS COMBO,RAPOO,RAPOO X1800,1200
2024-04-16,Clarity,KEYBOARD,WIRELESS COMBO,FINGERS,FINGERS EXQUIST,1000
2024-04-16,Clarity,KEYBOARD,WIRELESS COMBO,LOGITECH,LOGITECH K240,1450
2024-04-16,Clarity,KEYBOARD,WIRELESS COMBO,LOGITECH,LOGITECH MK275,1600
2024-04-16,Clarity,KEYBOARD,WIRELESS COMBO,HP,HP 440+891,980
2024-04-16,Clarity,KEYBOARD,WIRELESS COMBO,COCONUT,COCONUT ADMIRE,900
2024-04-16,Clarity,KEYBOARD,WIRELESS COMBO,DELL,DELL,1150
2024-04-16,Clarity,KEYBOARD,WIFI MINI KB,PORTRONIC,PORTRONIC HYDRA RGB,2550
2024-04-16,Clarity,KEYBOARD,WIFI MINI KB,COCONUT,COCONUT WIFI + BT EVLOVE,1500
2024-04-16,Clarity,MOUSE,USB MOUSE,PROLITE,PROLITE USB MOUSE,75
2024-04-16,Clarity,MOUSE,USB MOUSE,ZEBRONIC,ZEB RICE,85
2024-04-16,Clarity,MOUSE,USB MOUSE,PRODOT,PRODOT,100
2024-04-16,Clarity,MOUSE,USB MOUSE,LIVETECH,LIVETECH SARA,100
2024-04-16,Clarity,MOUSE,USB MOUSE,PORTRONIC,PORTRONIC,110
2024-04-16,Clarity,MOUSE,USB MOUSE,PORTRONIC,PORTRONIC COLOUR,140
2024-04-16,Clarity,MOUSE,USB MOUSE,HAMMOK,HAMMOK SARA,120
2024-04-16,Clarity,MOUSE,USB MOUSE,DELL,DELL,240
2024-04-16,Clarity,MOUSE,USB MOUSE,FINGERS,FINGERS,230
2024-04-16,Clarity,MOUSE,USB MOUSE,FINGERS,FINGERS MEGA HIT,200
2024-04-16,Clarity,MOUSE,USB MOUSE,LOGITECH,LOGITECH,250
2024-04-16,Clarity,MOUSE,USB MOUSE,HP,HP,240
2024-04-16,Clarity,MOUSE,WIFI MOUSE,PRODOT,PRODOT QUAD,180
2024-04-16,Clarity,MOUSE,WIFI MOUSE,LIVETECH,LIVETECH DRAW,220
2024-04-16,Clarity,MOUSE,WIFI MOUSE,HAMMOK,HAMMOK COLOUR,400
2024-04-16,Clarity,MOUSE,WIFI MOUSE,FINGERS,FINGERS GRIP,500
2024-04-16,Clarity,MOUSE,WIFI MOUSE,LOGITECH,LOGITECH M170,530
2024-04-16,Clarity,MOUSE,WIFI MOUSE,HP,HP S500,550
2024-04-16,Clarity,MOUSE,WIFI MOUSE,DELL,DELL WM118,550
2024-04-17,Clarity,ACCESSORIES,USB HUB,GENERIC,WALL MOUNT,150
2024-04-17,Clarity,ACCESSORIES,WEBCAM,ZEBRONIC,ZEBRONIC WEBCAM,550
2024-04-27,Clarity,UPS,BATTERY,GENERIC,UPS BATTERY,700
2024-05-13,Clarity,LAPTOP,LAPTOP,HP,HP 440 G3 (I3 6TH | 8GB | 256GB | 7DAYS CHECKING WRTY),11500
2024-05-13,Clarity,LAPTOP,LAPTOP,DELL,DELL E5450 (I5 5TH | 8GB | 256GB | 7DAYS CHECKING WRTY),10500
2024-05-13,Clarity,LAPTOP,LAPTOP,HP,HP 440 G3 (I5 6TH | 8GB | 256GB | 7DAYS CHECKING WRTY),14700
2024-05-13,Clarity,LAPTOP,LAPTOP,DELL,DELL E5470 (I5 6TH | 8GB | 256GB | 7DAYS CHECKING WRTY),15500
2024-05-13,Clarity,LAPTOP,LAPTOP,HP,HP 348 G3 (I5 7TH | 8GB | 256GB | 7DAYS CHECKING WRTY),15000
2024-05-13,Clarity,LAPTOP,LAPTOP,LENOVO,LENOVO T470 (I5 7TH | 16GB | 256GB NVME | TOUCH | 7DAYS CHECKING WRTY),17500
2024-05-13,Clarity,LAPTOP,LAPTOP,DELL,DELL E5290 (I5 8TH | 8GB | 256GB | 7DAYS CHECKING WRTY),16750
2024-05-13,Clarity,LAPTOP,LAPTOP,DELL,DELL E7490 (I5 8TH | 8GB | 256GB | TOUCH | 7DAYS CHECKING WRTY),20000
2024-05-13,Clarity,LAPTOP,LAPTOP,DELL,DELL INSPIRON 3539 (I5 10TH | 8GB | 256GB+1TB HDD | 15.6 INCH | SILVER | 7DAYS CHECKING WRTY),26500
2024-05-13,Clarity,LAPTOP,LAPTOP,HP,HP Z BOOK (I7 4TH | 8GB | 500GB HDD +128GB SSD | 15.6 | WORKSTATION | 7DAYS CHECKING WRTY),18500
2024-05-13,Clarity,LAPTOP,LAPTOP,DELL,DELL E7450 (I7 5TH | 8GB | 256GB | 7DAYS CHECKING WRTY),15000
2024-05-13,Clarity,LAPTOP,LAPTOP,HP,HP 440 G2 (I7 5TH | 8GB | 256GB | 7DAYS CHECKING WRTY),14500
2024-05-13,Clarity,LAPTOP,LAPTOP,HP,HP Z BOOK 15 G3 (I7 6TH | 8GB | 256GB SSD | 2GB GRAPHIC | 7DAYS CHECKING WRTY),22000
2024-05-13,Clarity,LAPTOP,LAPTOP,HP,HP 840 G4 (I7 7TH | 8GB | 256GB | 7DAYS CHECKING WRTY),20000
2024-05-13,Clarity,LAPTOP,LAPTOP,HP,HP 348 G4 (I7 7TH | 8GB | 256GB | 7DAYS CHECKING WRTY),20000
2024-05-13,Clarity,LAPTOP,LAPTOP,DELL,DELL PRECISION 3530 (I7 8TH | 8GB | 256GB | 15.6 INCH | NVIDIA QUAD CORE P600 2GB GRAPHIC | 7DAYS CHECKING WRTY),25000
2024-05-23,Clarity,SOFTWARE,OS,MS OFFICE,PROFESSIONAL PLUS 2016,2500
2024-05-23,Clarity,SOFTWARE,OS,MS OFFICE,HOME AND STUDENT 2019,3000
2024-05-23,Clarity,SOFTWARE,OS,MS OFFICE,HOME AND BUSINESS 2019,4000
2024-05-23,Clarity,SOFTWARE,OS,MS OFFICE,PROFESSIONAL PLUS 2019,2600
2024-05-23,Clarity,SOFTWARE,OS,MS OFFICE,HOME AND STUDENT 2021,9000
2024-05-23,Clarity,SOFTWARE,OS,MS OFFICE,HOME AND BUSINESS 2021,15500
2024-05-23,Clarity,SOFTWARE,OS,MS OFFICE,PROFESSIONAL PLUS 2021,2800
2024-05-23,Clarity,SOFTWARE,OS,WINDOWS,WIN10 PRO,600
2024-05-23,Clarity,SOFTWARE,OS,WINDOWS,WIN11 PRO,700
2024-05-23,Clarity,SOFTWARE,OS,WINDOWS,WIN10 PRO C+D PACKAGE,2500
2024-05-23,Clarity,SOFTWARE,OS,WINDOWS,WIN11 PRO C+D PACKAGE,2800
2024-05-27,Clarity,ACCESSORIES,CABLE,HAZE,HDMI MALE TO FEMALE 3M,120
2024-05-27,Clarity,ACCESSORIES,CABLE,HAMMOK,HDMI MALE TO FEMALE 3M,180
2024-05-29,Clarity,LAPTOP,LAPTOP,HP,HP 348 G3 I3 6TH 8GB 256GB | 15DAYS CHECKING WRTY,11500
2024-05-29,Clarity,LAPTOP,LAPTOP,HP,HP 440 G3 I3 6TH 8GB 256GB | 15DAYS CHECKING WRTY,11500
2024-05-29,Clarity,LAPTOP,LAPTOP,DELL,DELL 3480 I3 6TH 8GB 256GB | 15DAYS CHECKING WRTY,11500
2024-05-31,Clarity,SMPS,SMPS,GEONIX,GEONIX,450
2024-05-31,Clarity,SMPS,SMPS,COCONUT,COCONUT QUALITY,480
2024-05-31,Clarity,MONITOR,MONITOR,VIEWSONIC,19" VIEWSONIC,4800
2024-05-31,Clarity,MONITOR,MONITOR,VIEWSONIC,22" VIEWSONIC,5670
2024-05-31,Clarity,MONITOR,MONITOR,VIEWSONIC,22" IPS VIEWSONIC,7150
2024-05-31,Clarity,MONITOR,MONITOR,VIEWSONIC,24" IPS VIEWSONIC,8350
2024-05-31,Clarity,MONITOR,MONITOR,VIEWSONIC,27" IPS VIEWSONIC,10750
2024-06-11,Clarity,PRINTER,EPSON,EPSON,L3210 WIRED,10550
2024-06-11,Clarity,PRINTER,EPSON,EPSON,L3250 WIFI,13200
2024-06-18,Clarity,ACCESSORIES,CABLE,GENERIC,USB 2.0 EXTENSION 1.5M,60
2024-06-18,Clarity,ACCESSORIES,CABLE,GENERIC,USB 2.0 EXTENSION 3M,100
2024-06-26,Clarity,SSD,SATA,HP,MODEL S650 120GB SATA,1200
2024-06-26,Clarity,SSD,SATA,HP,MODEL S650 120GB SATA (5 NOS),1170
2024-06-26,Clarity,SSD,SATA,HP,MODEL S650 240GB SATA,1750
2024-06-26,Clarity,SSD,SATA,HP,MODEL S650 240GB SATA (5 NOS),1700
2024-06-26,Clarity,OTHERS,CASEIN,COCONUT,COCONUT,220
2024-06-26,Clarity,OTHERS,CASEIN,COCONUT,COCONUT (10 NOS),200
2024-06-26,Clarity,OTHERS,CASEIN,INTEL,INTEL BASIC,200
2024-06-26,Clarity,OTHERS,CASEIN,INTEL,INTEL BASIC (10 NOS),170
2024-06-26,Clarity,OTHERS,CASEIN,INTEL,INTEL MEDIUM,450
2024-06-26,Clarity,OTHERS,CASEIN,INTEL,INTEL MEDIUM (10 NOS),425
2024-06-26,Clarity,OTHERS,CASEIN,INTEL,INTEL QUALITY,650
2024-06-26,Clarity,OTHERS,CASEIN,INTEL,INTEL QUALITY (10 NOS),625
2025-08-19,Clarity,COOLING,FAN,INTEL,QUALITY FAN (12TH TO 14TH GEN),800
‎2024-06-28,Clarity,LAPTOP,LAPTOP,LENOVO,LENOVO T440 (I5 4TH | 8GB | 256GB SSD),10500
2024-06-28,Clarity,LAPTOP,LAPTOP,HP,HP 640 G3 (I5 6TH | 8GB | 256GB SSD),14500
2024-06-28,Clarity,LAPTOP,LAPTOP,DELL,DELL E7450 (I7 5TH | 8GB | 256GB SSD),14500
2024-06-28,Clarity,LAPTOP,LAPTOP,DELL,DELL E5470 (I5 6TH | 8GB | 256GB SSD) A++ CONDITION,15000
2024-06-28,Clarity,LAPTOP,LAPTOP,DELL,DELL E5280 (I5 8TH | 8GB | 256GB SSD | 12.5 SCREEN),16500
2024-06-28,Clarity,LAPTOP,LAPTOP,HP,HP 348 G3 (I7 7TH | 8GB | 256GB SSD),17000
2024-06-28,Clarity,LAPTOP,LAPTOP,DELL,DELL E5400 (I5 8TH | 8GB | 256GB SSD | TOUCH SCREEN),20000
2024-07-04,Clarity,KEYBOARD MOUSE,KEYBOARD+MOUSE,HP,HP WIFI COMBO,980
2024-07-06,Clarity,LAPTOP SCREEN,SCREEN,LAPTOP,14.0 LED NORMAL | 90DAYS WRTY,1000
2024-07-06,Clarity,LAPTOP SCREEN,SCREEN,LAPTOP,14.0 30PIN PAPER | 90DAYS WRTY,2000
2024-07-06,Clarity,LAPTOP SCREEN,SCREEN,LAPTOP,14.0 30PIN PAPER IPS FRAMELESS | 90DAYS WRTY,2550
2024-07-06,Clarity,LAPTOP SCREEN,SCREEN,LAPTOP,14.0 40PIN PAPER | 90DAYS WRTY,1800
2024-07-06,Clarity,LAPTOP SCREEN,SCREEN,LAPTOP,15.6 LED NORMAL | 90DAYS WRTY,1650
2024-07-06,Clarity,LAPTOP SCREEN,SCREEN,LAPTOP,15.6 30PIN PAPER | 90DAYS WRTY,2200
2024-07-06,Clarity,LAPTOP SCREEN,SCREEN,LAPTOP,15.6 30PIN PAPER IPS FRAMELESS | 90DAYS WRTY,2550
2024-07-06,Clarity,LAPTOP SCREEN,SCREEN,LAPTOP,15.6 40PIN PAPER | 90DAYS WRTY,2600
2024-07-06,Clarity,LAPTOP SCREEN,SCREEN,LAPTOP,14.0 LED NORMAL | 1YR WRTY,1400
2024-07-06,Clarity,LAPTOP SCREEN,SCREEN,LAPTOP,14.0 30PIN PAPER | 1YR WRTY,2400
2024-07-06,Clarity,LAPTOP SCREEN,SCREEN,LAPTOP,14.0 30PIN PAPER IPS FRAMELESS | 1YR WRTY,2700
2024-07-06,Clarity,LAPTOP SCREEN,SCREEN,LAPTOP,14.0 40PIN PAPER | 1YR WRTY,2200
2024-07-06,Clarity,LAPTOP SCREEN,SCREEN,LAPTOP,15.6 LED NORMAL | 1YR WRTY,2000
2024-07-06,Clarity,LAPTOP SCREEN,SCREEN,LAPTOP,15.6 30PIN PAPER | 1YR WRTY,2500
2024-07-06,Clarity,LAPTOP SCREEN,SCREEN,LAPTOP,15.6 30PIN PAPER IPS FRAMELESS | 1YR WRTY,2700
2024-07-06,Clarity,LAPTOP SCREEN,SCREEN,LAPTOP,15.6 40PIN PAPER | 1YR WRTY,2700
2024-07-09,Clarity,SSD,SATA,EVM,128GB SATA,880
2024-07-09,Clarity,SSD,SATA,EVM,256GB SATA,1360
2024-07-09,Clarity,SSD,SATA,EVM,512GB SATA,2360
2024-07-09,Clarity,SSD,NVME,EVM,128GB NVME,1350
2024-07-09,Clarity,SSD,NVME,EVM,256GB NVME,1750
2024-07-09,Clarity,SSD,NVME,EVM,512GB NVME,2520
2024-07-09,Clarity,SSD,M.2,EVM,128GB M.2,900
2024-07-09,Clarity,SSD,M.2,EVM,256GB M.2,1370
2024-07-09,Clarity,SSD,SATA,HP,128GB SATA,1150
2024-07-09,Clarity,SSD,SATA,HP,256GB SATA,1680
2024-07-09,Clarity,SSD,SATA,HIKVISION,128GB SATA,885
2024-07-09,Clarity,SSD,SATA,HIKVISION,256GB SATA,1310
2024-07-09,Clarity,SSD,SATA,HIKVISION,512GB SATA,2450
2024-07-09,Clarity,SSD,NVME,HIKVISION,256GB NVME,1670
2024-07-09,Clarity,SSD,NVME,HIKVISION,512GB NVME,2550
2024-07-09,Clarity,SSD,NVME,HIKVISION,1TB NVME,4840
2024-07-09,Clarity,SSD,SATA,CRUCIAL,240GB SATA,1550
2024-07-09,Clarity,SSD,SATA,CRUCIAL,500GB SATA,2700
2024-07-09,Clarity,SSD,NVME,CRUCIAL,500GB NVME,3250
2024-07-24,Clarity,SSD,SATA,WD,Green 240GB,1650
2024-07-24,Clarity,USB HUB,USB HUB 2.0,HAMMOK,JACK,250
2024-07-24,Clarity,USB HUB,USB HUB 3.0,HAMMOK,GRACE,480
2024-07-24,Clarity,USB HUB,USB HUB 2.0,LIVETECH,FORCE,280
2024-07-24,Clarity,USB HUB,USB HUB 3.0,LIVETECH,NEXA,480
2024-07-24,Clarity,USB HUB,USB HUB 2.0,PRODOT,USB HUB 2.0,150
2024-07-24,Clarity,USB HUB,USB HUB 2.0,FINGERS,USB HUB 2.0,375
2024-07-29,Clarity,RAM,DDR4 8GB 2666MHZ,SAMSUNG,DDR4 8GB 2666MHZ,1200
2024-07-29,Clarity,RAM,DDR4 8GB 2666MHZ,CRUCIAL,DDR4 8GB 2666MHZ,1350
2024-07-29,Clarity,RAM,DDR4 16GB 2666MHZ,SAMSUNG,DDR4 16GB 2666MHZ,2200
2024-07-29,Clarity,RAM,DDR4 16GB 2666MHZ,CRUCIAL,DDR4 16GB 2666MHZ,2700
2025-09-06,Clarity,MOTHERBOARD,G41,FRONTECH,G41 DDR3 | 2YR,1550
2025-09-06,Clarity,MOTHERBOARD,H81,FRONTECH,H81 | 2YR,1850
2025-09-06,Clarity,MOTHERBOARD,H110,FRONTECH,H110 | 2YR,3250
2024-09-06,Clarity,PROCESSOR,CPU,INTEL,i3 4th Gen,500
2024-09-06,Clarity,RAM,DDR3,DAICHI,8GB DDR3,700
2024-10-07,Clarity,LAPTOP,MOTHERBOARD,LENOVO,E41-15,6000
2024-10-26,Clarity,STORAGE,M.2 CASE,NON BRANDED,NVMe CASE,650
2024-10-26,Clarity,STORAGE,M.2 CASE,HAMMOK,NVMe CASE,1000
2024-10-26,Clarity,STORAGE,M.2 CASE,HAMMOK,M.2+NVMe CASE,1300
2024-10-28,Clarity,STORAGE,M.2 CASE,HAMMOK,M.2 NVMe CASE,1300
2024-11-16,Clarity,TOOLS,CRIMPING TOOL,DLINK,CRIMPING TOOL (RJ45),850
2024-11-16,Clarity,TOOLS,CONNECTOR,DLINK,RJ45,450
‎2024-11-19,Clarity,TOOLS,TESTER,GENERIC,POWER SUPPLY TESTER,400
2024-11-19,Clarity,TOOLS,CRIMPING TOOL,COCONUT,COCONUT CRIMPING TOOL,200
2024-11-19,Clarity,TOOLS,CRIMPING TOOL,DLINK,DLINK CRIMPING TOOL,850
2024-11-19,Clarity,TOOLS,TESTER,GENERIC,LAN TESTER BASIC,200
2024-11-19,Clarity,TOOLS,TESTER,DLINK,DLINK LAN TESTER,800
2024-11-19,Clarity,TOOLS,TRACKER,GENERIC,WIRE TRACKER,850
2024-12-13,Clarity,SOFTWARE,ANTIVIRUS,K7,TOTAL SECURITY,250
2024-12-24,Clarity,ACCESSORIES,WEBCAM,FRONTECH,USB WEBCAM,480
2024-12-24,Clarity,ACCESSORIES,WEBCAM,ZEBRONIC,USB WEBCAM,550
2024-12-24,Clarity,ACCESSORIES,WEBCAM,LAPCARE,USB WEBCAM,650
2024-12-27,Clarity,GRAPHIC,CARD,LAPCARE,GT610 2GB,1250
2024-12-27,Clarity,GRAPHIC,CARD,LAPCARE,GT730 4GB,2550
2024-12-27,Clarity,GRAPHIC,CARD,EVM,GT610 2GB,1250
2024-12-27,Clarity,GRAPHIC,CARD,EVM,GT730 4GB,2550
2024-12-31,Clarity,ACCESSORIES,CABLE,GENERIC,USB EXTENSION 1.5M,60
2024-12-31,Clarity,ACCESSORIES,CABLE,GENERIC,USB EXTENSION 3M,100
2024-12-31,Clarity,ACCESSORIES,CABLE,GENERIC,USB EXTENSION 5M,150
2025-01-01,Clarity,PRINTER,EPSON,EPSON,L3250,13000
2025-01-01,Clarity,PRINTER,EPSON,EPSON,L3260,15100
2025-01-01,Clarity,PRINTER,EPSON,EPSON,L3560,15300
2025-01-01,Clarity,PRINTER,EPSON,EPSON,L3250 ALL IN ONE | 1YR | 250GSM PAPER | WIFI,13000
2025-01-01,Clarity,PRINTER,EPSON,EPSON,L3260 ALL IN ONE | 1YR | 300GSM PAPER | WIFI | DISPLAY SCREEN,15100
2025-01-01,Clarity,PRINTER,EPSON,EPSON,L3560 ALL IN ONE | 2YR | 300GSM PAPER | WIFI | DISPLAY SCREEN,15300
2025-01-01,Clarity,ACCESSORIES,HEADPHONE,HAMMOK,USB HEADPHONE HAMMOK,650
2025-03-27,Clarity,ACCESSORIES,DESKTOP FAN,FRONTECH,FRONTECH,160
2025-03-27,Clarity,ACCESSORIES,DESKTOP FAN,COCONUT,COCONUT,180
2025-03-27,Clarity,ACCESSORIES,DESKTOP FAN,INTEL,INTEL BASIC,180
2025-03-27,Clarity,ACCESSORIES,DESKTOP FAN,COOLERMASTER,COOLERMASTER,350
2025-03-27,Clarity,ACCESSORIES,DESKTOP FAN,INTEL,INTEL BLACK QUALITY,350
2025-03-27,Clarity,ACCESSORIES,DESKTOP FAN,INTEL,INTEL BLUE (12TH GEN),700
2025-08-19,Clarity,Others,CASEIN,RANZ,2.0 RAPID RAPIDO RANZ,180
2025-08-19,Clarity,Others,CASEIN,HAMMOK,ELIZA 2.0 HAMMOK,220
2025-08-19,Clarity,Others,CASEIN,LIVETECH,HDC01 2.0 LIVETECH,220
2025-08-19,Clarity,Others,CASEIN,RANZ,3.0 RAPID RAPIDO RANZ,250
2025-08-19,Clarity,Others,CASEIN,TECHI,3.0 TECHI,270
2025-08-19,Clarity,Others,CASEIN,HAMMOK,CATHY 3.0 HAMMOK,330
2025-08-19,Clarity,Others,CASEIN,LIVETECH,HDC06 3.0 LIVETECH (TRANSPARENT),360
2025-08-19,Clarity,Others,CASEIN,HAMMOK,MAY 3.0 HAMMOK,385
2025-08-19,Clarity,Others,CASEIN,LIVETECH,HDC02 3.0 LIVETECH,385
2025-08-19,Clarity,Others,CASEIN,LIVETECH,HDC04 3.0 TYPE-C LIVETECH,430
2025-08-19,Clarity,Others,CASEIN,HAMMOK,HUGO 3.1 TYPE-C HAMMOK,430
2025-08-19,Clarity,Others,CASEIN,RANZ,RANZ USB 2.0 2IN1,175
2025-08-19,Clarity,Others,CASEIN,FRONTECH,FRONTECH 3.0 TRANSPARENT,300
2025-08-19,Clarity,Others,CASEIN,HAMMOK,HAMMOK 3.1 TYPE C RGB CLEO,480
2025-08-19,Clarity,Others,CASEIN,COCONUT,COCONUT 3.0 SC08,400
2025-08-19,Clarity,Others,CASEIN,HAMMOK,PURE 3.0 HAMMOK,1030
2025-08-19,Clarity,Others,CASEIN,RANZ,RANZ 3.0 2IN1,700
2025-08-19,Clarity,Others,CASEIN,LIVETECH,HD09 M.2 ONLY LIVETECH,970
2025-08-19,Clarity,Others,CASEIN,LIVETECH,HDC07 M.2+NVME LIVETECH,1300
2025-08-19,Clarity,CPU,Processor,Intel,I3 2ND,360
2025-08-19,Clarity,CPU,Processor,Intel,I3 3RD,500
2025-08-19,Clarity,CPU,Processor,Intel,I3 4TH,370
2025-08-19,Clarity,CPU,Processor,Intel,I3 6TH,800
2025-08-19,Clarity,CPU,Processor,Intel,I3 8TH,1475
2025-08-19,Clarity,CPU,Processor,Intel,I5 2ND,900
2025-08-19,Clarity,CPU,Processor,Intel,I5 3RD,1250
2025-08-19,Clarity,CPU,Processor,Intel,I5 4TH,1450
2025-08-19,Clarity,CPU,Processor,Intel,I5 6TH,2950
2025-08-19,Clarity,CPU,Processor,Intel,I5 8TH,5800
2025-08-19,Clarity,CPU,Processor,Intel,I7 3RD,2975
2025-08-19,Clarity,CPU,Processor,Intel,I7 4TH,2990
2025-08-19,Clarity,CPU,Processor,Intel,I7 6TH,5590
2025-08-19,Clarity,CPU,Processor,Intel,I7 8TH,12350
2025-08-19,Clarity,CPU,MOTHERBOARD,ZEBRONIC,ZEBRONIC 61 DDR3 2ND 3RD,1075
2025-08-19,Clarity,CPU,MOTHERBOARD,ZEBRONIC,ZEBRONIC 81 DDR3 4TH,1500
2025-08-19,Clarity,CPU,MOTHERBOARD,ZEBRONIC,ZEBRONIC 110 DDR4 6TH 7TH,3250
2025-08-19,Clarity,CPU,MOTHERBOARD,ZEBRONIC,ZEBRONIC 310 DDR4 6TH TO 9TH,3525
2025-08-19,Clarity,CPU,MOTHERBOARD,FRONTECH,FRONTECH 61 DDR3 2ND 3RD,1150
2025-08-19,Clarity,CPU,MOTHERBOARD,FRONTECH,FRONTECH 81 DDR3 4TH,1650
2025-08-19,Clarity,CPU,MOTHERBOARD,FRONTECH,FRONTECH 110 DDR4 6TH 7TH,3350
2025-08-19,Clarity,CPU,MOTHERBOARD,FRONTECH,FRONTECH 310 DDR4 6TH TO 9TH,3325
2025-08-19,Clarity,CPU,MOTHERBOARD,ZEBRONIC,ZEBRONIC 510 DDR4 10TH 11TH,4950
2025-08-19,Clarity,CPU,MOTHERBOARD,ZEBRONIC,ZEBRONIC 610 DDR4 12TH 13TH,5350
2025-08-19,Clarity,CPU,RAM,SAMSUNG,DDR3 4GB 8IC,280
2025-08-19,Clarity,CPU,RAM,SAMSUNG,DDR3 4GB 16IC,295
2025-08-19,Clarity,CPU,RAM,SAMSUNG,DDR3 8GB,580
2025-08-19,Clarity,CPU,RAM,SAMSUNG,DDR4 4GB 2666,525
2025-08-19,Clarity,CPU,RAM,SAMSUNG,DDR4 8GB 2666,1075
2025-08-19,Clarity,CPU,RAM,SAMSUNG,DDR4 8GB 3200,1100
2025-08-19,Clarity,CPU,RAM,SAMSUNG,DDR4 16GB 2666,2150
2025-08-19,Clarity,CPU,RAM,SAMSUNG,DDR4 16GB 3200,2175
2025-08-19,Clarity,CPU,RAM,CRUCIAL,DDR4 8GB 3200,1925
2025-08-19,Clarity,CPU,RAM,CRUCIAL,DDR4 16GB 3200,3850
2025-08-19,Clarity,HARDDISK,SSD,ZEBRONIC,SATA 128GB,810
2025-08-19,Clarity,HARDDISK,SSD,ZEBRONIC,SATA 256GB,1310
2025-08-19,Clarity,HARDDISK,SSD,EVM,SATA 128GB,870
2025-08-19,Clarity,HARDDISK,SSD,EVM,SATA 256GB,1390
2025-08-19,Clarity,HARDDISK,SSD,EVM,SATA 512GB,2550
2025-08-19,Clarity,HARDDISK,SSD,EVM,SATA 1TB,4850
2025-08-19,Clarity,HARDDISK,SSD,EVM,NVME 128GB,1075
2025-08-19,Clarity,HARDDISK,SSD,EVM,NVME 256GB,1585
2025-08-19,Clarity,HARDDISK,SSD,EVM,NVME 512GB,2775
2025-08-19,Clarity,HARDDISK,SSD,EVM,NVME 1TB,4790
2025-08-19,Clarity,HARDDISK,SSD,CRUCIAL,SATA 240GB,1730
2025-08-19,Clarity,HARDDISK,SSD,CRUCIAL,SATA 480GB,3425
2025-08-19,Clarity,HARDDISK,SSD,CRUCIAL,SATA 1TB,5940
2025-08-19,Clarity,HARDDISK,SSD,CRUCIAL,SATA 1TB NVME,5275
2025-08-19,Clarity,HARDDISK,HDD,SEAGATE,500GB LAP,650
2025-08-19,Clarity,HARDDISK,HDD,SEAGATE,1TB LAP,1500
2025-08-19,Clarity,HARDDISK,HDD,KRYSTA,500GB PC,1100
2025-08-19,Clarity,HARDDISK,HDD,KRYSTA,1TB PC,2765
2025-08-19,Clarity,GRAPHIC,CARD,ZEBRONIC,GT610 DDR3 2GB,1515
2025-08-19,Clarity,GRAPHIC,CARD,ZEBRONIC,GT730 DDR3 4GB,2490
2025-08-19,Clarity,MONITOR,DISPLAY,ZEBSTAR,18.5 ZEBSTAR,1950
2025-08-19,Clarity,MONITOR,DISPLAY,ZEBSTAR,22.0 ZEBSTAR,2825
2025-08-19,Clarity,MONITOR,DISPLAY,FRONTECH,18.5 FRONTECH,1950
2025-08-19,Clarity,MONITOR,DISPLAY,FRONTECH,22.0 FRONTECH,2825
2025-08-19,Clarity,MONITOR,DISPLAY,LAPCARE,20.0 LAPCARE,2400
2025-08-19,Clarity,UPS,POWER,ZEBRONIC,600VA ZEBRONIC,1650
2025-08-19,Clarity,UPS,POWER,ZEBRONIC,1KV ZEBRONIC,3935
2025-08-19,Clarity,UPS,POWER,NUMERIC,600VA NUMERIC,2265
2025-08-19,Clarity,CABINET,WITH SMPS,ZEBRONIC,ZEBRONIC BASIC,1000
2025-08-19,Clarity,CABINET,WITH SMPS,ZEBRONIC,ZEBRONIC ZIUM RGB,1600
2025-08-19,Clarity,ACCESSORIES,KEYBOARD,DELL,USB KB KB216,475
2025-08-19,Clarity,ACCESSORIES,KEYBOARD+MOUSE,DELL,WIFI KB+M KM3322W,1160
2025-08-19,Clarity,ACCESSORIES,MOUSE,DELL,USB MOUSE DSELECT MS111,170
2025-08-19,Clarity,ACCESSORIES,MOUSE,DELL,USB MOUSE MS116,225
2025-08-19,Clarity,ACCESSORIES,MOUSE,DELL,WIFI MOUSE WM118,560
2025-08-19,Clarity,ACCESSORIES,KEYBOARD,LOGITECH,USB KB K120,510
2025-08-19,Clarity,ACCESSORIES,KEYBOARD+MOUSE,LOGITECH,USB KB+M MK120,750
2025-08-19,Clarity,ACCESSORIES,KEYBOARD+MOUSE,LOGITECH,WIFI KB+M C MK275,1650
2025-08-19,Clarity,ACCESSORIES,MOUSE,LOGITECH,USB MOUSE M90,250
2025-08-19,Clarity,ACCESSORIES,MOUSE,LOGITECH,WIFI MOUSE M171,500
2025-08-19,Clarity,ACCESSORIES,KEYBOARD,ZEBRONIC,USB KB K65,175
2025-08-19,Clarity,ACCESSORIES,KEYBOARD+MOUSE,ZEBRONIC,USB KB+M JUDWAA850,265
2025-08-19,Clarity,ACCESSORIES,KEYBOARD+MOUSE,ZEBRONIC,WIFI KB+M COMPANION 151,475
2025-08-19,Clarity,ACCESSORIES,MOUSE,ZEBRONIC,USB MOUSE SCOOT,75
2025-08-19,Clarity,ACCESSORIES,KEYBOARD,LIVETECH,USB KB KB01,185
2025-08-19,Clarity,ACCESSORIES,KEYBOARD,LIVETECH,MINI USB KB CUPPA|KB04,270
2025-08-19,Clarity,ACCESSORIES,KEYBOARD+MOUSE,LIVETECH,WIFI+BT KB+M WMK05 WHITE,700
2025-08-19,Clarity,ACCESSORIES,KEYBOARD+MOUSE,LIVETECH,WIFI+BT KB+M WMK05 BLACK,650
2025-08-19,Clarity,ACCESSORIES,KEYBOARD,LIVETECH,USB KB KB03 PRO,770
2025-08-19,Clarity,ACCESSORIES,KEYBOARD+MOUSE,LIVETECH,USB KB+M DARE,290
2025-08-19,Clarity,ACCESSORIES,MOUSE,LIVETECH,USB MOUSE MS04,85
2025-08-19,Clarity,ACCESSORIES,MOUSE,LIVETECH,WIFI MOUSE DRAW,210
2025-08-19,Clarity,ACCESSORIES,KEYBOARD,TVS,CHAMP KB,350
2025-08-19,Clarity,ACCESSORIES,KEYBOARD,TVS,CHAMP HD KB,410
2025-08-19,Clarity,ACCESSORIES,KEYBOARD+MOUSE,TVS,USB COMBO KB+M,620
2025-08-19,Clarity,ACCESSORIES,KEYBOARD+MOUSE,TVS,GOLD PRIME USB MECHANICAL KB+M,2300
2025-08-19,Clarity,ACCESSORIES,KEYBOARD+MOUSE,TVS,GOLD PRIME WIFI MECHANICAL KB+M,2790
2025-08-19,Clarity,ACCESSORIES,MOUSE,TVS,USB MOUSE,190
2025-08-19,Clarity,ACCESSORIES,MOUSE,TVS,WIFI MOUSE,400
2025-99-99,7th_System,Case,PC Case,NZXT,H510,5
2025-99-99,Fusion_Systems,Case,PC Case,NZXT,H510,52